#group,false,false,true,true,false,false,true,true,true
#datatype,string,long,dateTime:RFC3339,dateTime:RFC3339,dateTime:RFC3339,long,string,string,string
#default,_result,,,,,,,,
,result,table,_start,_stop,_time,_value,_field,_measurement,host
,,0,2024-06-11T23:49:07Z,2024-06-11T23:50:28.485894201Z,2024-06-11T23:49:10Z,32785825792,available,mem,cloud0lennart
,,0,2024-06-11T23:49:07Z,2024-06-11T23:50:28.485894201Z,2024-06-11T23:49:20Z,32785559552,available,mem,cloud0lennart
,,0,2024-06-11T23:49:07Z,2024-06-11T23:50:28.485894201Z,2024-06-11T23:49:30Z,32351469568,available,mem,cloud0lennart
,,0,2024-06-11T23:49:07Z,2024-06-11T23:50:28.485894201Z,2024-06-11T23:49:40Z,32094601216,available,mem,cloud0lennart
,,0,2024-06-11T23:49:07Z,2024-06-11T23:50:28.485894201Z,2024-06-11T23:49:50Z,31947862016,available,mem,cloud0lennart
,,0,2024-06-11T23:49:07Z,2024-06-11T23:50:28.485894201Z,2024-06-11T23:50:00Z,31947087872,available,mem,cloud0lennart
,,0,2024-06-11T23:49:07Z,2024-06-11T23:50:28.485894201Z,2024-06-11T23:50:10Z,32767021056,available,mem,cloud0lennart
,,0,2024-06-11T23:49:07Z,2024-06-11T23:50:28.485894201Z,2024-06-11T23:50:20Z,32783515648,available,mem,cloud0lennart
,,1,2024-06-11T23:49:07Z,2024-06-11T23:50:28.485894201Z,2024-06-11T23:49:10Z,103571456,buffered,mem,cloud0lennart
,,1,2024-06-11T23:49:07Z,2024-06-11T23:50:28.485894201Z,2024-06-11T23:49:20Z,103571456,buffered,mem,cloud0lennart
,,1,2024-06-11T23:49:07Z,2024-06-11T23:50:28.485894201Z,2024-06-11T23:49:30Z,103579648,buffered,mem,cloud0lennart
,,1,2024-06-11T23:49:07Z,2024-06-11T23:50:28.485894201Z,2024-06-11T23:49:40Z,103579648,buffered,mem,cloud0lennart
,,1,2024-06-11T23:49:07Z,2024-06-11T23:50:28.485894201Z,2024-06-11T23:49:50Z,103591936,buffered,mem,cloud0lennart
,,1,2024-06-11T23:49:07Z,2024-06-11T23:50:28.485894201Z,2024-06-11T23:50:00Z,103591936,buffered,mem,cloud0lennart
,,1,2024-06-11T23:49:07Z,2024-06-11T23:50:28.485894201Z,2024-06-11T23:50:10Z,103604224,buffered,mem,cloud0lennart
,,1,2024-06-11T23:49:07Z,2024-06-11T23:50:28.485894201Z,2024-06-11T23:50:20Z,103612416,buffered,mem,cloud0lennart
,,2,2024-06-11T23:49:07Z,2024-06-11T23:50:28.485894201Z,2024-06-11T23:49:10Z,29800853504,free,mem,cloud0lennart
,,2,2024-06-11T23:49:07Z,2024-06-11T23:50:28.485894201Z,2024-06-11T23:49:20Z,29800579072,free,mem,cloud0lennart
,,2,2024-06-11T23:49:07Z,2024-06-11T23:50:28.485894201Z,2024-06-11T23:49:30Z,29365452800,free,mem,cloud0lennart
,,2,2024-06-11T23:49:07Z,2024-06-11T23:50:28.485894201Z,2024-06-11T23:49:40Z,29108432896,free,mem,cloud0lennart
,,2,2024-06-11T23:49:07Z,2024-06-11T23:50:28.485894201Z,2024-06-11T23:49:50Z,28961615872,free,mem,cloud0lennart
,,2,2024-06-11T23:49:07Z,2024-06-11T23:50:28.485894201Z,2024-06-11T23:50:00Z,28960841728,free,mem,cloud0lennart
,,2,2024-06-11T23:49:07Z,2024-06-11T23:50:28.485894201Z,2024-06-11T23:50:10Z,29781733376,free,mem,cloud0lennart
,,2,2024-06-11T23:49:07Z,2024-06-11T23:50:28.485894201Z,2024-06-11T23:50:20Z,29798219776,free,mem,cloud0lennart
,,3,2024-06-11T23:49:07Z,2024-06-11T23:50:28.485894201Z,2024-06-11T23:49:10Z,1404928,shared,mem,cloud0lennart
,,3,2024-06-11T23:49:07Z,2024-06-11T23:50:28.485894201Z,2024-06-11T23:49:20Z,1404928,shared,mem,cloud0lennart
,,3,2024-06-11T23:49:07Z,2024-06-11T23:50:28.485894201Z,2024-06-11T23:49:30Z,1593344,shared,mem,cloud0lennart
,,3,2024-06-11T23:49:07Z,2024-06-11T23:50:28.485894201Z,2024-06-11T23:49:40Z,1593344,shared,mem,cloud0lennart
,,3,2024-06-11T23:49:07Z,2024-06-11T23:50:28.485894201Z,2024-06-11T23:49:50Z,1593344,shared,mem,cloud0lennart
,,3,2024-06-11T23:49:07Z,2024-06-11T23:50:28.485894201Z,2024-06-11T23:50:00Z,1593344,shared,mem,cloud0lennart
,,3,2024-06-11T23:49:07Z,2024-06-11T23:50:28.485894201Z,2024-06-11T23:50:10Z,1404928,shared,mem,cloud0lennart
,,3,2024-06-11T23:49:07Z,2024-06-11T23:50:28.485894201Z,2024-06-11T23:50:20Z,1404928,shared,mem,cloud0lennart
,,4,2024-06-11T23:49:07Z,2024-06-11T23:50:28.485894201Z,2024-06-11T23:49:10Z,33660653568,total,mem,cloud0lennart
,,4,2024-06-11T23:49:07Z,2024-06-11T23:50:28.485894201Z,2024-06-11T23:49:20Z,33660653568,total,mem,cloud0lennart
,,4,2024-06-11T23:49:07Z,2024-06-11T23:50:28.485894201Z,2024-06-11T23:49:30Z,33660653568,total,mem,cloud0lennart
,,4,2024-06-11T23:49:07Z,2024-06-11T23:50:28.485894201Z,2024-06-11T23:49:40Z,33660653568,total,mem,cloud0lennart
,,4,2024-06-11T23:49:07Z,2024-06-11T23:50:28.485894201Z,2024-06-11T23:49:50Z,33660653568,total,mem,cloud0lennart
,,4,2024-06-11T23:49:07Z,2024-06-11T23:50:28.485894201Z,2024-06-11T23:50:00Z,33660653568,total,mem,cloud0lennart
,,4,2024-06-11T23:49:07Z,2024-06-11T23:50:28.485894201Z,2024-06-11T23:50:10Z,33660653568,total,mem,cloud0lennart
,,4,2024-06-11T23:49:07Z,2024-06-11T23:50:28.485894201Z,2024-06-11T23:50:20Z,33660653568,total,mem,cloud0lennart
,,5,2024-06-11T23:49:07Z,2024-06-11T23:50:28.485894201Z,2024-06-11T23:49:10Z,403070976,used,mem,cloud0lennart
,,5,2024-06-11T23:49:07Z,2024-06-11T23:50:28.485894201Z,2024-06-11T23:49:20Z,403329024,used,mem,cloud0lennart
,,5,2024-06-11T23:49:07Z,2024-06-11T23:50:28.485894201Z,2024-06-11T23:49:30Z,836513792,used,mem,cloud0lennart
,,5,2024-06-11T23:49:07Z,2024-06-11T23:50:28.485894201Z,2024-06-11T23:49:40Z,1093324800,used,mem,cloud0lennart
,,5,2024-06-11T23:49:07Z,2024-06-11T23:50:28.485894201Z,2024-06-11T23:49:50Z,1240006656,used,mem,cloud0lennart
,,5,2024-06-11T23:49:07Z,2024-06-11T23:50:28.485894201Z,2024-06-11T23:50:00Z,1240780800,used,mem,cloud0lennart
,,5,2024-06-11T23:49:07Z,2024-06-11T23:50:28.485894201Z,2024-06-11T23:50:10Z,421781504,used,mem,cloud0lennart
,,5,2024-06-11T23:49:07Z,2024-06-11T23:50:28.485894201Z,2024-06-11T23:50:20Z,405286912,used,mem,cloud0lennart
,,6,2024-06-11T23:49:07Z,2024-06-11T23:50:28.485894201Z,2024-06-11T23:49:10Z,32905515008,available,mem,cloud10lennart
,,6,2024-06-11T23:49:07Z,2024-06-11T23:50:28.485894201Z,2024-06-11T23:49:20Z,32905838592,available,mem,cloud10lennart
,,6,2024-06-11T23:49:07Z,2024-06-11T23:50:28.485894201Z,2024-06-11T23:49:30Z,32905547776,available,mem,cloud10lennart
,,6,2024-06-11T23:49:07Z,2024-06-11T23:50:28.485894201Z,2024-06-11T23:49:40Z,31503618048,available,mem,cloud10lennart
,,6,2024-06-11T23:49:07Z,2024-06-11T23:50:28.485894201Z,2024-06-11T23:49:50Z,31518167040,available,mem,cloud10lennart
,,6,2024-06-11T23:49:07Z,2024-06-11T23:50:28.485894201Z,2024-06-11T23:50:00Z,31515127808,available,mem,cloud10lennart
,,6,2024-06-11T23:49:07Z,2024-06-11T23:50:28.485894201Z,2024-06-11T23:50:10Z,32893333504,available,mem,cloud10lennart
,,6,2024-06-11T23:49:07Z,2024-06-11T23:50:28.485894201Z,2024-06-11T23:50:20Z,32902217728,available,mem,cloud10lennart
,,7,2024-06-11T23:49:07Z,2024-06-11T23:50:28.485894201Z,2024-06-11T23:49:10Z,36335616,buffered,mem,cloud10lennart
,,7,2024-06-11T23:49:07Z,2024-06-11T23:50:28.485894201Z,2024-06-11T23:49:20Z,36335616,buffered,mem,cloud10lennart
,,7,2024-06-11T23:49:07Z,2024-06-11T23:50:28.485894201Z,2024-06-11T23:49:30Z,36335616,buffered,mem,cloud10lennart
,,7,2024-06-11T23:49:07Z,2024-06-11T23:50:28.485894201Z,2024-06-11T23:49:40Z,36384768,buffered,mem,cloud10lennart
,,7,2024-06-11T23:49:07Z,2024-06-11T23:50:28.485894201Z,2024-06-11T23:49:50Z,36392960,buffered,mem,cloud10lennart
,,7,2024-06-11T23:49:07Z,2024-06-11T23:50:28.485894201Z,2024-06-11T23:50:00Z,36401152,buffered,mem,cloud10lennart
,,7,2024-06-11T23:49:07Z,2024-06-11T23:50:28.485894201Z,2024-06-11T23:50:10Z,36458496,buffered,mem,cloud10lennart
,,7,2024-06-11T23:49:07Z,2024-06-11T23:50:28.485894201Z,2024-06-11T23:50:20Z,36470784,buffered,mem,cloud10lennart
,,8,2024-06-11T23:49:07Z,2024-06-11T23:50:28.485894201Z,2024-06-11T23:49:10Z,32443777024,free,mem,cloud10lennart
,,8,2024-06-11T23:49:07Z,2024-06-11T23:50:28.485894201Z,2024-06-11T23:49:20Z,32444100608,free,mem,cloud10lennart
,,8,2024-06-11T23:49:07Z,2024-06-11T23:50:28.485894201Z,2024-06-11T23:49:30Z,32443809792,free,mem,cloud10lennart
,,8,2024-06-11T23:49:07Z,2024-06-11T23:50:28.485894201Z,2024-06-11T23:49:40Z,31040909312,free,mem,cloud10lennart
,,8,2024-06-11T23:49:07Z,2024-06-11T23:50:28.485894201Z,2024-06-11T23:49:50Z,31055450112,free,mem,cloud10lennart
,,8,2024-06-11T23:49:07Z,2024-06-11T23:50:28.485894201Z,2024-06-11T23:50:00Z,31052394496,free,mem,cloud10lennart
,,8,2024-06-11T23:49:07Z,2024-06-11T23:50:28.485894201Z,2024-06-11T23:50:10Z,32431427584,free,mem,cloud10lennart
,,8,2024-06-11T23:49:07Z,2024-06-11T23:50:28.485894201Z,2024-06-11T23:50:20Z,32440299520,free,mem,cloud10lennart
,,9,2024-06-11T23:49:07Z,2024-06-11T23:50:28.485894201Z,2024-06-11T23:49:10Z,1400832,shared,mem,cloud10lennart
,,9,2024-06-11T23:49:07Z,2024-06-11T23:50:28.485894201Z,2024-06-11T23:49:20Z,1400832,shared,mem,cloud10lennart
,,9,2024-06-11T23:49:07Z,2024-06-11T23:50:28.485894201Z,2024-06-11T23:49:30Z,1400832,shared,mem,cloud10lennart
,,9,2024-06-11T23:49:07Z,2024-06-11T23:50:28.485894201Z,2024-06-11T23:49:40Z,1589248,shared,mem,cloud10lennart
,,9,2024-06-11T23:49:07Z,2024-06-11T23:50:28.485894201Z,2024-06-11T23:49:50Z,1589248,shared,mem,cloud10lennart
,,9,2024-06-11T23:49:07Z,2024-06-11T23:50:28.485894201Z,2024-06-11T23:50:00Z,1589248,shared,mem,cloud10lennart
,,9,2024-06-11T23:49:07Z,2024-06-11T23:50:28.485894201Z,2024-06-11T23:50:10Z,1400832,shared,mem,cloud10lennart
,,9,2024-06-11T23:49:07Z,2024-06-11T23:50:28.485894201Z,2024-06-11T23:50:20Z,1400832,shared,mem,cloud10lennart
,,10,2024-06-11T23:49:07Z,2024-06-11T23:50:28.485894201Z,2024-06-11T23:49:10Z,33660653568,total,mem,cloud10lennart
,,10,2024-06-11T23:49:07Z,2024-06-11T23:50:28.485894201Z,2024-06-11T23:49:20Z,33660653568,total,mem,cloud10lennart
,,10,2024-06-11T23:49:07Z,2024-06-11T23:50:28.485894201Z,2024-06-11T23:49:30Z,33660653568,total,mem,cloud10lennart
,,10,2024-06-11T23:49:07Z,2024-06-11T23:50:28.485894201Z,2024-06-11T23:49:40Z,33660653568,total,mem,cloud10lennart
,,10,2024-06-11T23:49:07Z,2024-06-11T23:50:28.485894201Z,2024-06-11T23:49:50Z,33660653568,total,mem,cloud10lennart
,,10,2024-06-11T23:49:07Z,2024-06-11T23:50:28.485894201Z,2024-06-11T23:50:00Z,33660653568,total,mem,cloud10lennart
,,10,2024-06-11T23:49:07Z,2024-06-11T23:50:28.485894201Z,2024-06-11T23:50:10Z,33660653568,total,mem,cloud10lennart
,,10,2024-06-11T23:49:07Z,2024-06-11T23:50:28.485894201Z,2024-06-11T23:50:20Z,33660653568,total,mem,cloud10lennart
,,11,2024-06-11T23:49:07Z,2024-06-11T23:50:28.485894201Z,2024-06-11T23:49:10Z,330416128,used,mem,cloud10lennart
,,11,2024-06-11T23:49:07Z,2024-06-11T23:50:28.485894201Z,2024-06-11T23:49:20Z,330092544,used,mem,cloud10lennart
,,11,2024-06-11T23:49:07Z,2024-06-11T23:50:28.485894201Z,2024-06-11T23:49:30Z,330383360,used,mem,cloud10lennart
,,11,2024-06-11T23:49:07Z,2024-06-11T23:50:28.485894201Z,2024-06-11T23:49:40Z,1731436544,used,mem,cloud10lennart
,,11,2024-06-11T23:49:07Z,2024-06-11T23:50:28.485894201Z,2024-06-11T23:49:50Z,1716887552,used,mem,cloud10lennart
,,11,2024-06-11T23:49:07Z,2024-06-11T23:50:28.485894201Z,2024-06-11T23:50:00Z,1719934976,used,mem,cloud10lennart
,,11,2024-06-11T23:49:07Z,2024-06-11T23:50:28.485894201Z,2024-06-11T23:50:10Z,342626304,used,mem,cloud10lennart
,,11,2024-06-11T23:49:07Z,2024-06-11T23:50:28.485894201Z,2024-06-11T23:50:20Z,333742080,used,mem,cloud10lennart
,,12,2024-06-11T23:49:07Z,2024-06-11T23:50:28.485894201Z,2024-06-11T23:49:10Z,32848060416,available,mem,cloud11lennart
,,12,2024-06-11T23:49:07Z,2024-06-11T23:50:28.485894201Z,2024-06-11T23:49:20Z,32848384000,available,mem,cloud11lennart
,,12,2024-06-11T23:49:07Z,2024-06-11T23:50:28.485894201Z,2024-06-11T23:49:30Z,32847900672,available,mem,cloud11lennart
,,12,2024-06-11T23:49:07Z,2024-06-11T23:50:28.485894201Z,2024-06-11T23:49:40Z,31458078720,available,mem,cloud11lennart
,,12,2024-06-11T23:49:07Z,2024-06-11T23:50:28.485894201Z,2024-06-11T23:49:50Z,31458308096,available,mem,cloud11lennart
,,12,2024-06-11T23:49:07Z,2024-06-11T23:50:28.485894201Z,2024-06-11T23:50:00Z,31454887936,available,mem,cloud11lennart
,,12,2024-06-11T23:49:07Z,2024-06-11T23:50:28.485894201Z,2024-06-11T23:50:10Z,32833744896,available,mem,cloud11lennart
,,12,2024-06-11T23:49:07Z,2024-06-11T23:50:28.485894201Z,2024-06-11T23:50:20Z,32844722176,available,mem,cloud11lennart
,,13,2024-06-11T23:49:07Z,2024-06-11T23:50:28.485894201Z,2024-06-11T23:49:10Z,32657408,buffered,mem,cloud11lennart
,,13,2024-06-11T23:49:07Z,2024-06-11T23:50:28.485894201Z,2024-06-11T23:49:20Z,32657408,buffered,mem,cloud11lennart
,,13,2024-06-11T23:49:07Z,2024-06-11T23:50:28.485894201Z,2024-06-11T23:49:30Z,32657408,buffered,mem,cloud11lennart
,,13,2024-06-11T23:49:07Z,2024-06-11T23:50:28.485894201Z,2024-06-11T23:49:40Z,32706560,buffered,mem,cloud11lennart
,,13,2024-06-11T23:49:07Z,2024-06-11T23:50:28.485894201Z,2024-06-11T23:49:50Z,32710656,buffered,mem,cloud11lennart
,,13,2024-06-11T23:49:07Z,2024-06-11T23:50:28.485894201Z,2024-06-11T23:50:00Z,32718848,buffered,mem,cloud11lennart
,,13,2024-06-11T23:49:07Z,2024-06-11T23:50:28.485894201Z,2024-06-11T23:50:10Z,32743424,buffered,mem,cloud11lennart
,,13,2024-06-11T23:49:07Z,2024-06-11T23:50:28.485894201Z,2024-06-11T23:50:20Z,32751616,buffered,mem,cloud11lennart
,,14,2024-06-11T23:49:07Z,2024-06-11T23:50:28.485894201Z,2024-06-11T23:49:10Z,32671088640,free,mem,cloud11lennart
,,14,2024-06-11T23:49:07Z,2024-06-11T23:50:28.485894201Z,2024-06-11T23:49:20Z,32671412224,free,mem,cloud11lennart
,,14,2024-06-11T23:49:07Z,2024-06-11T23:50:28.485894201Z,2024-06-11T23:49:30Z,32670928896,free,mem,cloud11lennart
,,14,2024-06-11T23:49:07Z,2024-06-11T23:50:28.485894201Z,2024-06-11T23:49:40Z,31280140288,free,mem,cloud11lennart
,,14,2024-06-11T23:49:07Z,2024-06-11T23:50:28.485894201Z,2024-06-11T23:49:50Z,31280365568,free,mem,cloud11lennart
,,14,2024-06-11T23:49:07Z,2024-06-11T23:50:28.485894201Z,2024-06-11T23:50:00Z,31276945408,free,mem,cloud11lennart
,,14,2024-06-11T23:49:07Z,2024-06-11T23:50:28.485894201Z,2024-06-11T23:50:10Z,32656404480,free,mem,cloud11lennart
,,14,2024-06-11T23:49:07Z,2024-06-11T23:50:28.485894201Z,2024-06-11T23:50:20Z,32667373568,free,mem,cloud11lennart
,,15,2024-06-11T23:49:07Z,2024-06-11T23:50:28.485894201Z,2024-06-11T23:49:10Z,1404928,shared,mem,cloud11lennart
,,15,2024-06-11T23:49:07Z,2024-06-11T23:50:28.485894201Z,2024-06-11T23:49:20Z,1404928,shared,mem,cloud11lennart
,,15,2024-06-11T23:49:07Z,2024-06-11T23:50:28.485894201Z,2024-06-11T23:49:30Z,1404928,shared,mem,cloud11lennart
,,15,2024-06-11T23:49:07Z,2024-06-11T23:50:28.485894201Z,2024-06-11T23:49:40Z,1593344,shared,mem,cloud11lennart
,,15,2024-06-11T23:49:07Z,2024-06-11T23:50:28.485894201Z,2024-06-11T23:49:50Z,1593344,shared,mem,cloud11lennart
,,15,2024-06-11T23:49:07Z,2024-06-11T23:50:28.485894201Z,2024-06-11T23:50:00Z,1593344,shared,mem,cloud11lennart
,,15,2024-06-11T23:49:07Z,2024-06-11T23:50:28.485894201Z,2024-06-11T23:50:10Z,1404928,shared,mem,cloud11lennart
,,15,2024-06-11T23:49:07Z,2024-06-11T23:50:28.485894201Z,2024-06-11T23:50:20Z,1404928,shared,mem,cloud11lennart
,,16,2024-06-11T23:49:07Z,2024-06-11T23:50:28.485894201Z,2024-06-11T23:49:10Z,33660653568,total,mem,cloud11lennart
,,16,2024-06-11T23:49:07Z,2024-06-11T23:50:28.485894201Z,2024-06-11T23:49:20Z,33660653568,total,mem,cloud11lennart
,,16,2024-06-11T23:49:07Z,2024-06-11T23:50:28.485894201Z,2024-06-11T23:49:30Z,33660653568,total,mem,cloud11lennart
,,16,2024-06-11T23:49:07Z,2024-06-11T23:50:28.485894201Z,2024-06-11T23:49:40Z,33660653568,total,mem,cloud11lennart
,,16,2024-06-11T23:49:07Z,2024-06-11T23:50:28.485894201Z,2024-06-11T23:49:50Z,33660653568,total,mem,cloud11lennart
,,16,2024-06-11T23:49:07Z,2024-06-11T23:50:28.485894201Z,2024-06-11T23:50:00Z,33660653568,total,mem,cloud11lennart
,,16,2024-06-11T23:49:07Z,2024-06-11T23:50:28.485894201Z,2024-06-11T23:50:10Z,33660653568,total,mem,cloud11lennart
,,16,2024-06-11T23:49:07Z,2024-06-11T23:50:28.485894201Z,2024-06-11T23:50:20Z,33660653568,total,mem,cloud11lennart
,,17,2024-06-11T23:49:07Z,2024-06-11T23:50:28.485894201Z,2024-06-11T23:49:10Z,390983680,used,mem,cloud11lennart
,,17,2024-06-11T23:49:07Z,2024-06-11T23:50:28.485894201Z,2024-06-11T23:49:20Z,390660096,used,mem,cloud11lennart
,,17,2024-06-11T23:49:07Z,2024-06-11T23:50:28.485894201Z,2024-06-11T23:49:30Z,391143424,used,mem,cloud11lennart
,,17,2024-06-11T23:49:07Z,2024-06-11T23:50:28.485894201Z,2024-06-11T23:49:40Z,1780117504,used,mem,cloud11lennart
,,17,2024-06-11T23:49:07Z,2024-06-11T23:50:28.485894201Z,2024-06-11T23:49:50Z,1779888128,used,mem,cloud11lennart
,,17,2024-06-11T23:49:07Z,2024-06-11T23:50:28.485894201Z,2024-06-11T23:50:00Z,1783300096,used,mem,cloud11lennart
,,17,2024-06-11T23:49:07Z,2024-06-11T23:50:28.485894201Z,2024-06-11T23:50:10Z,405364736,used,mem,cloud11lennart
,,17,2024-06-11T23:49:07Z,2024-06-11T23:50:28.485894201Z,2024-06-11T23:50:20Z,394387456,used,mem,cloud11lennart
,,18,2024-06-11T23:49:07Z,2024-06-11T23:50:28.485894201Z,2024-06-11T23:49:10Z,32830992384,available,mem,cloud1lennart
,,18,2024-06-11T23:49:07Z,2024-06-11T23:50:28.485894201Z,2024-06-11T23:49:20Z,32830574592,available,mem,cloud1lennart
,,18,2024-06-11T23:49:07Z,2024-06-11T23:50:28.485894201Z,2024-06-11T23:49:30Z,32462004224,available,mem,cloud1lennart
,,18,2024-06-11T23:49:07Z,2024-06-11T23:50:28.485894201Z,2024-06-11T23:49:40Z,32176590848,available,mem,cloud1lennart
,,18,2024-06-11T23:49:07Z,2024-06-11T23:50:28.485894201Z,2024-06-11T23:49:50Z,32105328640,available,mem,cloud1lennart
,,18,2024-06-11T23:49:07Z,2024-06-11T23:50:28.485894201Z,2024-06-11T23:50:00Z,32104017920,available,mem,cloud1lennart
,,18,2024-06-11T23:49:07Z,2024-06-11T23:50:28.485894201Z,2024-06-11T23:50:10Z,32812965888,available,mem,cloud1lennart
,,19,2024-06-11T23:49:07Z,2024-06-11T23:50:28.485894201Z,2024-06-11T23:49:10Z,41345024,buffered,mem,cloud1lennart
,,19,2024-06-11T23:49:07Z,2024-06-11T23:50:28.485894201Z,2024-06-11T23:49:20Z,41345024,buffered,mem,cloud1lennart
,,19,2024-06-11T23:49:07Z,2024-06-11T23:50:28.485894201Z,2024-06-11T23:49:30Z,41390080,buffered,mem,cloud1lennart
,,19,2024-06-11T23:49:07Z,2024-06-11T23:50:28.485894201Z,2024-06-11T23:49:40Z,41398272,buffered,mem,cloud1lennart
,,19,2024-06-11T23:49:07Z,2024-06-11T23:50:28.485894201Z,2024-06-11T23:49:50Z,41414656,buffered,mem,cloud1lennart
,,19,2024-06-11T23:49:07Z,2024-06-11T23:50:28.485894201Z,2024-06-11T23:50:00Z,41418752,buffered,mem,cloud1lennart
,,19,2024-06-11T23:49:07Z,2024-06-11T23:50:28.485894201Z,2024-06-11T23:50:10Z,41467904,buffered,mem,cloud1lennart
,,20,2024-06-11T23:49:07Z,2024-06-11T23:50:28.485894201Z,2024-06-11T23:49:10Z,32644132864,free,mem,cloud1lennart
,,20,2024-06-11T23:49:07Z,2024-06-11T23:50:28.485894201Z,2024-06-11T23:49:20Z,32643715072,free,mem,cloud1lennart
,,20,2024-06-11T23:49:07Z,2024-06-11T23:50:28.485894201Z,2024-06-11T23:49:30Z,32274096128,free,mem,cloud1lennart
,,20,2024-06-11T23:49:07Z,2024-06-11T23:50:28.485894201Z,2024-06-11T23:49:40Z,31988486144,free,mem,cloud1lennart
,,20,2024-06-11T23:49:07Z,2024-06-11T23:50:28.485894201Z,2024-06-11T23:49:50Z,31917150208,free,mem,cloud1lennart
,,20,2024-06-11T23:49:07Z,2024-06-11T23:50:28.485894201Z,2024-06-11T23:50:00Z,31915827200,free,mem,cloud1lennart
,,20,2024-06-11T23:49:07Z,2024-06-11T23:50:28.485894201Z,2024-06-11T23:50:10Z,32625319936,free,mem,cloud1lennart
,,21,2024-06-11T23:49:07Z,2024-06-11T23:50:28.485894201Z,2024-06-11T23:49:10Z,1404928,shared,mem,cloud1lennart
,,21,2024-06-11T23:49:07Z,2024-06-11T23:50:28.485894201Z,2024-06-11T23:49:20Z,1404928,shared,mem,cloud1lennart
,,21,2024-06-11T23:49:07Z,2024-06-11T23:50:28.485894201Z,2024-06-11T23:49:30Z,1593344,shared,mem,cloud1lennart
,,21,2024-06-11T23:49:07Z,2024-06-11T23:50:28.485894201Z,2024-06-11T23:49:40Z,1593344,shared,mem,cloud1lennart
,,21,2024-06-11T23:49:07Z,2024-06-11T23:50:28.485894201Z,2024-06-11T23:49:50Z,1593344,shared,mem,cloud1lennart
,,21,2024-06-11T23:49:07Z,2024-06-11T23:50:28.485894201Z,2024-06-11T23:50:00Z,1593344,shared,mem,cloud1lennart
,,21,2024-06-11T23:49:07Z,2024-06-11T23:50:28.485894201Z,2024-06-11T23:50:10Z,1404928,shared,mem,cloud1lennart
,,22,2024-06-11T23:49:07Z,2024-06-11T23:50:28.485894201Z,2024-06-11T23:49:10Z,33660653568,total,mem,cloud1lennart
,,22,2024-06-11T23:49:07Z,2024-06-11T23:50:28.485894201Z,2024-06-11T23:49:20Z,33660653568,total,mem,cloud1lennart
,,22,2024-06-11T23:49:07Z,2024-06-11T23:50:28.485894201Z,2024-06-11T23:49:30Z,33660653568,total,mem,cloud1lennart
,,22,2024-06-11T23:49:07Z,2024-06-11T23:50:28.485894201Z,2024-06-11T23:49:40Z,33660653568,total,mem,cloud1lennart
,,22,2024-06-11T23:49:07Z,2024-06-11T23:50:28.485894201Z,2024-06-11T23:49:50Z,33660653568,total,mem,cloud1lennart
,,22,2024-06-11T23:49:07Z,2024-06-11T23:50:28.485894201Z,2024-06-11T23:50:00Z,33660653568,total,mem,cloud1lennart
,,22,2024-06-11T23:49:07Z,2024-06-11T23:50:28.485894201Z,2024-06-11T23:50:10Z,33660653568,total,mem,cloud1lennart
,,23,2024-06-11T23:49:07Z,2024-06-11T23:50:28.485894201Z,2024-06-11T23:49:10Z,407810048,used,mem,cloud1lennart
,,23,2024-06-11T23:49:07Z,2024-06-11T23:50:28.485894201Z,2024-06-11T23:49:20Z,408227840,used,mem,cloud1lennart
,,23,2024-06-11T23:49:07Z,2024-06-11T23:50:28.485894201Z,2024-06-11T23:49:30Z,775933952,used,mem,cloud1lennart
,,23,2024-06-11T23:49:07Z,2024-06-11T23:50:28.485894201Z,2024-06-11T23:49:40Z,1061253120,used,mem,cloud1lennart
,,23,2024-06-11T23:49:07Z,2024-06-11T23:50:28.485894201Z,2024-06-11T23:49:50Z,1132449792,used,mem,cloud1lennart
,,23,2024-06-11T23:49:07Z,2024-06-11T23:50:28.485894201Z,2024-06-11T23:50:00Z,1133764608,used,mem,cloud1lennart
,,23,2024-06-11T23:49:07Z,2024-06-11T23:50:28.485894201Z,2024-06-11T23:50:10Z,425582592,used,mem,cloud1lennart
,,24,2024-06-11T23:49:07Z,2024-06-11T23:50:28.485894201Z,2024-06-11T23:49:10Z,32787968000,available,mem,cloud2lennart
,,24,2024-06-11T23:49:07Z,2024-06-11T23:50:28.485894201Z,2024-06-11T23:49:20Z,32787644416,available,mem,cloud2lennart
,,24,2024-06-11T23:49:07Z,2024-06-11T23:50:28.485894201Z,2024-06-11T23:49:30Z,32787378176,available,mem,cloud2lennart
,,24,2024-06-11T23:49:07Z,2024-06-11T23:50:28.485894201Z,2024-06-11T23:49:40Z,31403048960,available,mem,cloud2lennart
,,24,2024-06-11T23:49:07Z,2024-06-11T23:50:28.485894201Z,2024-06-11T23:49:50Z,31399399424,available,mem,cloud2lennart
,,24,2024-06-11T23:49:07Z,2024-06-11T23:50:28.485894201Z,2024-06-11T23:50:00Z,31399116800,available,mem,cloud2lennart
,,24,2024-06-11T23:49:07Z,2024-06-11T23:50:28.485894201Z,2024-06-11T23:50:10Z,32443789312,available,mem,cloud2lennart
,,24,2024-06-11T23:49:07Z,2024-06-11T23:50:28.485894201Z,2024-06-11T23:50:20Z,32782716928,available,mem,cloud2lennart
,,25,2024-06-11T23:49:07Z,2024-06-11T23:50:28.485894201Z,2024-06-11T23:49:10Z,87908352,buffered,mem,cloud2lennart
,,25,2024-06-11T23:49:07Z,2024-06-11T23:50:28.485894201Z,2024-06-11T23:49:20Z,87908352,buffered,mem,cloud2lennart
,,25,2024-06-11T23:49:07Z,2024-06-11T23:50:28.485894201Z,2024-06-11T23:49:30Z,87908352,buffered,mem,cloud2lennart
,,25,2024-06-11T23:49:07Z,2024-06-11T23:50:28.485894201Z,2024-06-11T23:49:40Z,87928832,buffered,mem,cloud2lennart
,,25,2024-06-11T23:49:07Z,2024-06-11T23:50:28.485894201Z,2024-06-11T23:49:50Z,87932928,buffered,mem,cloud2lennart
,,25,2024-06-11T23:49:07Z,2024-06-11T23:50:28.485894201Z,2024-06-11T23:50:00Z,87941120,buffered,mem,cloud2lennart
,,25,2024-06-11T23:49:07Z,2024-06-11T23:50:28.485894201Z,2024-06-11T23:50:10Z,88010752,buffered,mem,cloud2lennart
,,25,2024-06-11T23:49:07Z,2024-06-11T23:50:28.485894201Z,2024-06-11T23:50:20Z,88043520,buffered,mem,cloud2lennart
,,26,2024-06-11T23:49:07Z,2024-06-11T23:50:28.485894201Z,2024-06-11T23:49:10Z,29845934080,free,mem,cloud2lennart
,,26,2024-06-11T23:49:07Z,2024-06-11T23:50:28.485894201Z,2024-06-11T23:49:20Z,29845610496,free,mem,cloud2lennart
,,26,2024-06-11T23:49:07Z,2024-06-11T23:50:28.485894201Z,2024-06-11T23:49:30Z,29845344256,free,mem,cloud2lennart
,,26,2024-06-11T23:49:07Z,2024-06-11T23:50:28.485894201Z,2024-06-11T23:49:40Z,28459925504,free,mem,cloud2lennart
,,26,2024-06-11T23:49:07Z,2024-06-11T23:50:28.485894201Z,2024-06-11T23:49:50Z,28456239104,free,mem,cloud2lennart
,,26,2024-06-11T23:49:07Z,2024-06-11T23:50:28.485894201Z,2024-06-11T23:50:00Z,28455948288,free,mem,cloud2lennart
,,26,2024-06-11T23:49:07Z,2024-06-11T23:50:28.485894201Z,2024-06-11T23:50:10Z,29500678144,free,mem,cloud2lennart
,,26,2024-06-11T23:49:07Z,2024-06-11T23:50:28.485894201Z,2024-06-11T23:50:20Z,29840011264,free,mem,cloud2lennart
,,27,2024-06-11T23:49:07Z,2024-06-11T23:50:28.485894201Z,2024-06-11T23:49:10Z,1404928,shared,mem,cloud2lennart
,,27,2024-06-11T23:49:07Z,2024-06-11T23:50:28.485894201Z,2024-06-11T23:49:20Z,1404928,shared,mem,cloud2lennart
,,27,2024-06-11T23:49:07Z,2024-06-11T23:50:28.485894201Z,2024-06-11T23:49:30Z,1404928,shared,mem,cloud2lennart
,,27,2024-06-11T23:49:07Z,2024-06-11T23:50:28.485894201Z,2024-06-11T23:49:40Z,1593344,shared,mem,cloud2lennart
,,27,2024-06-11T23:49:07Z,2024-06-11T23:50:28.485894201Z,2024-06-11T23:49:50Z,1593344,shared,mem,cloud2lennart
,,27,2024-06-11T23:49:07Z,2024-06-11T23:50:28.485894201Z,2024-06-11T23:50:00Z,1593344,shared,mem,cloud2lennart
,,27,2024-06-11T23:49:07Z,2024-06-11T23:50:28.485894201Z,2024-06-11T23:50:10Z,1593344,shared,mem,cloud2lennart
,,27,2024-06-11T23:49:07Z,2024-06-11T23:50:28.485894201Z,2024-06-11T23:50:20Z,1404928,shared,mem,cloud2lennart
,,28,2024-06-11T23:49:07Z,2024-06-11T23:50:28.485894201Z,2024-06-11T23:49:10Z,33660653568,total,mem,cloud2lennart
,,28,2024-06-11T23:49:07Z,2024-06-11T23:50:28.485894201Z,2024-06-11T23:49:20Z,33660653568,total,mem,cloud2lennart
,,28,2024-06-11T23:49:07Z,2024-06-11T23:50:28.485894201Z,2024-06-11T23:49:30Z,33660653568,total,mem,cloud2lennart
,,28,2024-06-11T23:49:07Z,2024-06-11T23:50:28.485894201Z,2024-06-11T23:49:40Z,33660653568,total,mem,cloud2lennart
,,28,2024-06-11T23:49:07Z,2024-06-11T23:50:28.485894201Z,2024-06-11T23:49:50Z,33660653568,total,mem,cloud2lennart
,,28,2024-06-11T23:49:07Z,2024-06-11T23:50:28.485894201Z,2024-06-11T23:50:00Z,33660653568,total,mem,cloud2lennart
,,28,2024-06-11T23:49:07Z,2024-06-11T23:50:28.485894201Z,2024-06-11T23:50:10Z,33660653568,total,mem,cloud2lennart
,,28,2024-06-11T23:49:07Z,2024-06-11T23:50:28.485894201Z,2024-06-11T23:50:20Z,33660653568,total,mem,cloud2lennart
,,29,2024-06-11T23:49:07Z,2024-06-11T23:50:28.485894201Z,2024-06-11T23:49:10Z,401645568,used,mem,cloud2lennart
,,29,2024-06-11T23:49:07Z,2024-06-11T23:50:28.485894201Z,2024-06-11T23:49:20Z,401969152,used,mem,cloud2lennart
,,29,2024-06-11T23:49:07Z,2024-06-11T23:50:28.485894201Z,2024-06-11T23:49:30Z,402235392,used,mem,cloud2lennart
,,29,2024-06-11T23:49:07Z,2024-06-11T23:50:28.485894201Z,2024-06-11T23:49:40Z,1785720832,used,mem,cloud2lennart
,,29,2024-06-11T23:49:07Z,2024-06-11T23:50:28.485894201Z,2024-06-11T23:49:50Z,1789337600,used,mem,cloud2lennart
,,29,2024-06-11T23:49:07Z,2024-06-11T23:50:28.485894201Z,2024-06-11T23:50:00Z,1789620224,used,mem,cloud2lennart
,,29,2024-06-11T23:49:07Z,2024-06-11T23:50:28.485894201Z,2024-06-11T23:50:10Z,745148416,used,mem,cloud2lennart
,,29,2024-06-11T23:49:07Z,2024-06-11T23:50:28.485894201Z,2024-06-11T23:50:20Z,406777856,used,mem,cloud2lennart
,,30,2024-06-11T23:49:07Z,2024-06-11T23:50:28.485894201Z,2024-06-11T23:49:10Z,32844156928,available,mem,cloud3lennart
,,30,2024-06-11T23:49:07Z,2024-06-11T23:50:28.485894201Z,2024-06-11T23:49:20Z,32844488704,available,mem,cloud3lennart
,,30,2024-06-11T23:49:07Z,2024-06-11T23:50:28.485894201Z,2024-06-11T23:49:30Z,32844521472,available,mem,cloud3lennart
,,30,2024-06-11T23:49:07Z,2024-06-11T23:50:28.485894201Z,2024-06-11T23:49:40Z,31449595904,available,mem,cloud3lennart
,,30,2024-06-11T23:49:07Z,2024-06-11T23:50:28.485894201Z,2024-06-11T23:49:50Z,31462907904,available,mem,cloud3lennart
,,30,2024-06-11T23:49:07Z,2024-06-11T23:50:28.485894201Z,2024-06-11T23:50:00Z,31458701312,available,mem,cloud3lennart
,,30,2024-06-11T23:49:07Z,2024-06-11T23:50:28.485894201Z,2024-06-11T23:50:10Z,32828203008,available,mem,cloud3lennart
,,30,2024-06-11T23:49:07Z,2024-06-11T23:50:28.485894201Z,2024-06-11T23:50:20Z,32841519104,available,mem,cloud3lennart
,,31,2024-06-11T23:49:07Z,2024-06-11T23:50:28.485894201Z,2024-06-11T23:49:10Z,88907776,buffered,mem,cloud3lennart
,,31,2024-06-11T23:49:07Z,2024-06-11T23:50:28.485894201Z,2024-06-11T23:49:20Z,88907776,buffered,mem,cloud3lennart
,,31,2024-06-11T23:49:07Z,2024-06-11T23:50:28.485894201Z,2024-06-11T23:49:30Z,88907776,buffered,mem,cloud3lennart
,,31,2024-06-11T23:49:07Z,2024-06-11T23:50:28.485894201Z,2024-06-11T23:49:40Z,88948736,buffered,mem,cloud3lennart
,,31,2024-06-11T23:49:07Z,2024-06-11T23:50:28.485894201Z,2024-06-11T23:49:50Z,88956928,buffered,mem,cloud3lennart
,,31,2024-06-11T23:49:07Z,2024-06-11T23:50:28.485894201Z,2024-06-11T23:50:00Z,88961024,buffered,mem,cloud3lennart
,,31,2024-06-11T23:49:07Z,2024-06-11T23:50:28.485894201Z,2024-06-11T23:50:10Z,88977408,buffered,mem,cloud3lennart
,,31,2024-06-11T23:49:07Z,2024-06-11T23:50:28.485894201Z,2024-06-11T23:50:20Z,88985600,buffered,mem,cloud3lennart
,,32,2024-06-11T23:49:07Z,2024-06-11T23:50:28.485894201Z,2024-06-11T23:49:10Z,29900705792,free,mem,cloud3lennart
,,32,2024-06-11T23:49:07Z,2024-06-11T23:50:28.485894201Z,2024-06-11T23:49:20Z,29901037568,free,mem,cloud3lennart
,,32,2024-06-11T23:49:07Z,2024-06-11T23:50:28.485894201Z,2024-06-11T23:49:30Z,29901070336,free,mem,cloud3lennart
,,32,2024-06-11T23:49:07Z,2024-06-11T23:50:28.485894201Z,2024-06-11T23:49:40Z,28505108480,free,mem,cloud3lennart
,,32,2024-06-11T23:49:07Z,2024-06-11T23:50:28.485894201Z,2024-06-11T23:49:50Z,28518416384,free,mem,cloud3lennart
,,32,2024-06-11T23:49:07Z,2024-06-11T23:50:28.485894201Z,2024-06-11T23:50:00Z,28514189312,free,mem,cloud3lennart
,,32,2024-06-11T23:49:07Z,2024-06-11T23:50:28.485894201Z,2024-06-11T23:50:10Z,29884469248,free,mem,cloud3lennart
,,32,2024-06-11T23:49:07Z,2024-06-11T23:50:28.485894201Z,2024-06-11T23:50:20Z,29897777152,free,mem,cloud3lennart
,,33,2024-06-11T23:49:07Z,2024-06-11T23:50:28.485894201Z,2024-06-11T23:49:10Z,1400832,shared,mem,cloud3lennart
,,33,2024-06-11T23:49:07Z,2024-06-11T23:50:28.485894201Z,2024-06-11T23:49:20Z,1400832,shared,mem,cloud3lennart
,,33,2024-06-11T23:49:07Z,2024-06-11T23:50:28.485894201Z,2024-06-11T23:49:30Z,1400832,shared,mem,cloud3lennart
,,33,2024-06-11T23:49:07Z,2024-06-11T23:50:28.485894201Z,2024-06-11T23:49:40Z,1589248,shared,mem,cloud3lennart
,,33,2024-06-11T23:49:07Z,2024-06-11T23:50:28.485894201Z,2024-06-11T23:49:50Z,1589248,shared,mem,cloud3lennart
,,33,2024-06-11T23:49:07Z,2024-06-11T23:50:28.485894201Z,2024-06-11T23:50:00Z,1589248,shared,mem,cloud3lennart
,,33,2024-06-11T23:49:07Z,2024-06-11T23:50:28.485894201Z,2024-06-11T23:50:10Z,1400832,shared,mem,cloud3lennart
,,33,2024-06-11T23:49:07Z,2024-06-11T23:50:28.485894201Z,2024-06-11T23:50:20Z,1400832,shared,mem,cloud3lennart
,,34,2024-06-11T23:49:07Z,2024-06-11T23:50:28.485894201Z,2024-06-11T23:49:10Z,33660653568,total,mem,cloud3lennart
,,34,2024-06-11T23:49:07Z,2024-06-11T23:50:28.485894201Z,2024-06-11T23:49:20Z,33660653568,total,mem,cloud3lennart
,,34,2024-06-11T23:49:07Z,2024-06-11T23:50:28.485894201Z,2024-06-11T23:49:30Z,33660653568,total,mem,cloud3lennart
,,34,2024-06-11T23:49:07Z,2024-06-11T23:50:28.485894201Z,2024-06-11T23:49:40Z,33660653568,total,mem,cloud3lennart
,,34,2024-06-11T23:49:07Z,2024-06-11T23:50:28.485894201Z,2024-06-11T23:49:50Z,33660653568,total,mem,cloud3lennart
,,34,2024-06-11T23:49:07Z,2024-06-11T23:50:28.485894201Z,2024-06-11T23:50:00Z,33660653568,total,mem,cloud3lennart
,,34,2024-06-11T23:49:07Z,2024-06-11T23:50:28.485894201Z,2024-06-11T23:50:10Z,33660653568,total,mem,cloud3lennart
,,34,2024-06-11T23:49:07Z,2024-06-11T23:50:28.485894201Z,2024-06-11T23:50:20Z,33660653568,total,mem,cloud3lennart
,,35,2024-06-11T23:49:07Z,2024-06-11T23:50:28.485894201Z,2024-06-11T23:49:10Z,346382336,used,mem,cloud3lennart
,,35,2024-06-11T23:49:07Z,2024-06-11T23:50:28.485894201Z,2024-06-11T23:49:20Z,346050560,used,mem,cloud3lennart
,,35,2024-06-11T23:49:07Z,2024-06-11T23:50:28.485894201Z,2024-06-11T23:49:30Z,346017792,used,mem,cloud3lennart
,,35,2024-06-11T23:49:07Z,2024-06-11T23:50:28.485894201Z,2024-06-11T23:49:40Z,1740013568,used,mem,cloud3lennart
,,35,2024-06-11T23:49:07Z,2024-06-11T23:50:28.485894201Z,2024-06-11T23:49:50Z,1726697472,used,mem,cloud3lennart
,,35,2024-06-11T23:49:07Z,2024-06-11T23:50:28.485894201Z,2024-06-11T23:50:00Z,1730895872,used,mem,cloud3lennart
,,35,2024-06-11T23:49:07Z,2024-06-11T23:50:28.485894201Z,2024-06-11T23:50:10Z,362201088,used,mem,cloud3lennart
,,35,2024-06-11T23:49:07Z,2024-06-11T23:50:28.485894201Z,2024-06-11T23:50:20Z,348884992,used,mem,cloud3lennart
,,36,2024-06-11T23:49:07Z,2024-06-11T23:50:28.485894201Z,2024-06-11T23:49:10Z,32886530048,available,mem,cloud4lennart
,,36,2024-06-11T23:49:07Z,2024-06-11T23:50:28.485894201Z,2024-06-11T23:49:20Z,32887369728,available,mem,cloud4lennart
,,36,2024-06-11T23:49:07Z,2024-06-11T23:50:28.485894201Z,2024-06-11T23:49:30Z,32887111680,available,mem,cloud4lennart
,,36,2024-06-11T23:49:07Z,2024-06-11T23:50:28.485894201Z,2024-06-11T23:49:40Z,31499382784,available,mem,cloud4lennart
,,36,2024-06-11T23:49:07Z,2024-06-11T23:50:28.485894201Z,2024-06-11T23:49:50Z,31497375744,available,mem,cloud4lennart
,,36,2024-06-11T23:49:07Z,2024-06-11T23:50:28.485894201Z,2024-06-11T23:50:00Z,31497379840,available,mem,cloud4lennart
,,36,2024-06-11T23:49:07Z,2024-06-11T23:50:28.485894201Z,2024-06-11T23:50:10Z,32307367936,available,mem,cloud4lennart
,,36,2024-06-11T23:49:07Z,2024-06-11T23:50:28.485894201Z,2024-06-11T23:50:20Z,32883625984,available,mem,cloud4lennart
,,37,2024-06-11T23:49:07Z,2024-06-11T23:50:28.485894201Z,2024-06-11T23:49:10Z,32559104,buffered,mem,cloud4lennart
,,37,2024-06-11T23:49:07Z,2024-06-11T23:50:28.485894201Z,2024-06-11T23:49:20Z,32559104,buffered,mem,cloud4lennart
,,37,2024-06-11T23:49:07Z,2024-06-11T23:50:28.485894201Z,2024-06-11T23:49:30Z,32559104,buffered,mem,cloud4lennart
,,37,2024-06-11T23:49:07Z,2024-06-11T23:50:28.485894201Z,2024-06-11T23:49:40Z,32624640,buffered,mem,cloud4lennart
,,37,2024-06-11T23:49:07Z,2024-06-11T23:50:28.485894201Z,2024-06-11T23:49:50Z,32632832,buffered,mem,cloud4lennart
,,37,2024-06-11T23:49:07Z,2024-06-11T23:50:28.485894201Z,2024-06-11T23:50:00Z,32636928,buffered,mem,cloud4lennart
,,37,2024-06-11T23:49:07Z,2024-06-11T23:50:28.485894201Z,2024-06-11T23:50:10Z,32710656,buffered,mem,cloud4lennart
,,37,2024-06-11T23:49:07Z,2024-06-11T23:50:28.485894201Z,2024-06-11T23:50:20Z,32751616,buffered,mem,cloud4lennart
,,38,2024-06-11T23:49:07Z,2024-06-11T23:50:28.485894201Z,2024-06-11T23:49:10Z,32443228160,free,mem,cloud4lennart
,,38,2024-06-11T23:49:07Z,2024-06-11T23:50:28.485894201Z,2024-06-11T23:49:20Z,32444067840,free,mem,cloud4lennart
,,38,2024-06-11T23:49:07Z,2024-06-11T23:50:28.485894201Z,2024-06-11T23:49:30Z,32443809792,free,mem,cloud4lennart
,,38,2024-06-11T23:49:07Z,2024-06-11T23:50:28.485894201Z,2024-06-11T23:49:40Z,31054983168,free,mem,cloud4lennart
,,38,2024-06-11T23:49:07Z,2024-06-11T23:50:28.485894201Z,2024-06-11T23:49:50Z,31052898304,free,mem,cloud4lennart
,,38,2024-06-11T23:49:07Z,2024-06-11T23:50:28.485894201Z,2024-06-11T23:50:00Z,31052898304,free,mem,cloud4lennart
,,38,2024-06-11T23:49:07Z,2024-06-11T23:50:28.485894201Z,2024-06-11T23:50:10Z,31862857728,free,mem,cloud4lennart
,,38,2024-06-11T23:49:07Z,2024-06-11T23:50:28.485894201Z,2024-06-11T23:50:20Z,32439648256,free,mem,cloud4lennart
,,39,2024-06-11T23:49:07Z,2024-06-11T23:50:28.485894201Z,2024-06-11T23:49:10Z,1404928,shared,mem,cloud4lennart
,,39,2024-06-11T23:49:07Z,2024-06-11T23:50:28.485894201Z,2024-06-11T23:49:20Z,1404928,shared,mem,cloud4lennart
,,39,2024-06-11T23:49:07Z,2024-06-11T23:50:28.485894201Z,2024-06-11T23:49:30Z,1404928,shared,mem,cloud4lennart
,,39,2024-06-11T23:49:07Z,2024-06-11T23:50:28.485894201Z,2024-06-11T23:49:40Z,1593344,shared,mem,cloud4lennart
,,39,2024-06-11T23:49:07Z,2024-06-11T23:50:28.485894201Z,2024-06-11T23:49:50Z,1593344,shared,mem,cloud4lennart
,,39,2024-06-11T23:49:07Z,2024-06-11T23:50:28.485894201Z,2024-06-11T23:50:00Z,1593344,shared,mem,cloud4lennart
,,39,2024-06-11T23:49:07Z,2024-06-11T23:50:28.485894201Z,2024-06-11T23:50:10Z,1593344,shared,mem,cloud4lennart
,,39,2024-06-11T23:49:07Z,2024-06-11T23:50:28.485894201Z,2024-06-11T23:50:20Z,1404928,shared,mem,cloud4lennart
,,40,2024-06-11T23:49:07Z,2024-06-11T23:50:28.485894201Z,2024-06-11T23:49:10Z,33660661760,total,mem,cloud4lennart
,,40,2024-06-11T23:49:07Z,2024-06-11T23:50:28.485894201Z,2024-06-11T23:49:20Z,33660661760,total,mem,cloud4lennart
,,40,2024-06-11T23:49:07Z,2024-06-11T23:50:28.485894201Z,2024-06-11T23:49:30Z,33660661760,total,mem,cloud4lennart
,,40,2024-06-11T23:49:07Z,2024-06-11T23:50:28.485894201Z,2024-06-11T23:49:40Z,33660661760,total,mem,cloud4lennart
,,40,2024-06-11T23:49:07Z,2024-06-11T23:50:28.485894201Z,2024-06-11T23:49:50Z,33660661760,total,mem,cloud4lennart
,,40,2024-06-11T23:49:07Z,2024-06-11T23:50:28.485894201Z,2024-06-11T23:50:00Z,33660661760,total,mem,cloud4lennart
,,40,2024-06-11T23:49:07Z,2024-06-11T23:50:28.485894201Z,2024-06-11T23:50:10Z,33660661760,total,mem,cloud4lennart
,,40,2024-06-11T23:49:07Z,2024-06-11T23:50:28.485894201Z,2024-06-11T23:50:20Z,33660661760,total,mem,cloud4lennart
,,41,2024-06-11T23:49:07Z,2024-06-11T23:50:28.485894201Z,2024-06-11T23:49:10Z,349188096,used,mem,cloud4lennart
,,41,2024-06-11T23:49:07Z,2024-06-11T23:50:28.485894201Z,2024-06-11T23:49:20Z,348348416,used,mem,cloud4lennart
,,41,2024-06-11T23:49:07Z,2024-06-11T23:50:28.485894201Z,2024-06-11T23:49:30Z,348606464,used,mem,cloud4lennart
,,41,2024-06-11T23:49:07Z,2024-06-11T23:50:28.485894201Z,2024-06-11T23:49:40Z,1735491584,used,mem,cloud4lennart
,,41,2024-06-11T23:49:07Z,2024-06-11T23:50:28.485894201Z,2024-06-11T23:49:50Z,1737445376,used,mem,cloud4lennart
,,41,2024-06-11T23:49:07Z,2024-06-11T23:50:28.485894201Z,2024-06-11T23:50:00Z,1737441280,used,mem,cloud4lennart
,,41,2024-06-11T23:49:07Z,2024-06-11T23:50:28.485894201Z,2024-06-11T23:50:10Z,927584256,used,mem,cloud4lennart
,,41,2024-06-11T23:49:07Z,2024-06-11T23:50:28.485894201Z,2024-06-11T23:50:20Z,352030720,used,mem,cloud4lennart
,,42,2024-06-11T23:49:07Z,2024-06-11T23:50:28.485894201Z,2024-06-11T23:49:10Z,32846032896,available,mem,cloud5lennart
,,42,2024-06-11T23:49:07Z,2024-06-11T23:50:28.485894201Z,2024-06-11T23:49:20Z,32846290944,available,mem,cloud5lennart
,,42,2024-06-11T23:49:07Z,2024-06-11T23:50:28.485894201Z,2024-06-11T23:49:30Z,32846548992,available,mem,cloud5lennart
,,42,2024-06-11T23:49:07Z,2024-06-11T23:50:28.485894201Z,2024-06-11T23:49:40Z,31454187520,available,mem,cloud5lennart
,,42,2024-06-11T23:49:07Z,2024-06-11T23:50:28.485894201Z,2024-06-11T23:49:50Z,31454449664,available,mem,cloud5lennart
,,42,2024-06-11T23:49:07Z,2024-06-11T23:50:28.485894201Z,2024-06-11T23:50:00Z,31450054656,available,mem,cloud5lennart
,,42,2024-06-11T23:49:07Z,2024-06-11T23:50:28.485894201Z,2024-06-11T23:50:10Z,32830390272,available,mem,cloud5lennart
,,42,2024-06-11T23:49:07Z,2024-06-11T23:50:28.485894201Z,2024-06-11T23:50:20Z,32842108928,available,mem,cloud5lennart
,,43,2024-06-11T23:49:07Z,2024-06-11T23:50:28.485894201Z,2024-06-11T23:49:10Z,83865600,buffered,mem,cloud5lennart
,,43,2024-06-11T23:49:07Z,2024-06-11T23:50:28.485894201Z,2024-06-11T23:49:20Z,83865600,buffered,mem,cloud5lennart
,,43,2024-06-11T23:49:07Z,2024-06-11T23:50:28.485894201Z,2024-06-11T23:49:30Z,83865600,buffered,mem,cloud5lennart
,,43,2024-06-11T23:49:07Z,2024-06-11T23:50:28.485894201Z,2024-06-11T23:49:40Z,83898368,buffered,mem,cloud5lennart
,,43,2024-06-11T23:49:07Z,2024-06-11T23:50:28.485894201Z,2024-06-11T23:49:50Z,83902464,buffered,mem,cloud5lennart
,,43,2024-06-11T23:49:07Z,2024-06-11T23:50:28.485894201Z,2024-06-11T23:50:00Z,83910656,buffered,mem,cloud5lennart
,,43,2024-06-11T23:49:07Z,2024-06-11T23:50:28.485894201Z,2024-06-11T23:50:10Z,83922944,buffered,mem,cloud5lennart
,,43,2024-06-11T23:49:07Z,2024-06-11T23:50:28.485894201Z,2024-06-11T23:50:20Z,83931136,buffered,mem,cloud5lennart
,,44,2024-06-11T23:49:07Z,2024-06-11T23:50:28.485894201Z,2024-06-11T23:49:10Z,29908545536,free,mem,cloud5lennart
,,44,2024-06-11T23:49:07Z,2024-06-11T23:50:28.485894201Z,2024-06-11T23:49:20Z,29908803584,free,mem,cloud5lennart
,,44,2024-06-11T23:49:07Z,2024-06-11T23:50:28.485894201Z,2024-06-11T23:49:30Z,29909061632,free,mem,cloud5lennart
,,44,2024-06-11T23:49:07Z,2024-06-11T23:50:28.485894201Z,2024-06-11T23:49:40Z,28515680256,free,mem,cloud5lennart
,,44,2024-06-11T23:49:07Z,2024-06-11T23:50:28.485894201Z,2024-06-11T23:49:50Z,28515938304,free,mem,cloud5lennart
,,44,2024-06-11T23:49:07Z,2024-06-11T23:50:28.485894201Z,2024-06-11T23:50:00Z,28511559680,free,mem,cloud5lennart
,,44,2024-06-11T23:49:07Z,2024-06-11T23:50:28.485894201Z,2024-06-11T23:50:10Z,29892714496,free,mem,cloud5lennart
,,44,2024-06-11T23:49:07Z,2024-06-11T23:50:28.485894201Z,2024-06-11T23:50:20Z,29904424960,free,mem,cloud5lennart
,,45,2024-06-11T23:49:07Z,2024-06-11T23:50:28.485894201Z,2024-06-11T23:49:10Z,1400832,shared,mem,cloud5lennart
,,45,2024-06-11T23:49:07Z,2024-06-11T23:50:28.485894201Z,2024-06-11T23:49:20Z,1400832,shared,mem,cloud5lennart
,,45,2024-06-11T23:49:07Z,2024-06-11T23:50:28.485894201Z,2024-06-11T23:49:30Z,1400832,shared,mem,cloud5lennart
,,45,2024-06-11T23:49:07Z,2024-06-11T23:50:28.485894201Z,2024-06-11T23:49:40Z,1589248,shared,mem,cloud5lennart
,,45,2024-06-11T23:49:07Z,2024-06-11T23:50:28.485894201Z,2024-06-11T23:49:50Z,1589248,shared,mem,cloud5lennart
,,45,2024-06-11T23:49:07Z,2024-06-11T23:50:28.485894201Z,2024-06-11T23:50:00Z,1589248,shared,mem,cloud5lennart
,,45,2024-06-11T23:49:07Z,2024-06-11T23:50:28.485894201Z,2024-06-11T23:50:10Z,1400832,shared,mem,cloud5lennart
,,45,2024-06-11T23:49:07Z,2024-06-11T23:50:28.485894201Z,2024-06-11T23:50:20Z,1400832,shared,mem,cloud5lennart
,,46,2024-06-11T23:49:07Z,2024-06-11T23:50:28.485894201Z,2024-06-11T23:49:10Z,33660653568,total,mem,cloud5lennart
,,46,2024-06-11T23:49:07Z,2024-06-11T23:50:28.485894201Z,2024-06-11T23:49:20Z,33660653568,total,mem,cloud5lennart
,,46,2024-06-11T23:49:07Z,2024-06-11T23:50:28.485894201Z,2024-06-11T23:49:30Z,33660653568,total,mem,cloud5lennart
,,46,2024-06-11T23:49:07Z,2024-06-11T23:50:28.485894201Z,2024-06-11T23:49:40Z,33660653568,total,mem,cloud5lennart
,,46,2024-06-11T23:49:07Z,2024-06-11T23:50:28.485894201Z,2024-06-11T23:49:50Z,33660653568,total,mem,cloud5lennart
,,46,2024-06-11T23:49:07Z,2024-06-11T23:50:28.485894201Z,2024-06-11T23:50:00Z,33660653568,total,mem,cloud5lennart
,,46,2024-06-11T23:49:07Z,2024-06-11T23:50:28.485894201Z,2024-06-11T23:50:10Z,33660653568,total,mem,cloud5lennart
,,46,2024-06-11T23:49:07Z,2024-06-11T23:50:28.485894201Z,2024-06-11T23:50:20Z,33660653568,total,mem,cloud5lennart
,,47,2024-06-11T23:49:07Z,2024-06-11T23:50:28.485894201Z,2024-06-11T23:49:10Z,344559616,used,mem,cloud5lennart
,,47,2024-06-11T23:49:07Z,2024-06-11T23:50:28.485894201Z,2024-06-11T23:49:20Z,344301568,used,mem,cloud5lennart
,,47,2024-06-11T23:49:07Z,2024-06-11T23:50:28.485894201Z,2024-06-11T23:49:30Z,344043520,used,mem,cloud5lennart
,,47,2024-06-11T23:49:07Z,2024-06-11T23:50:28.485894201Z,2024-06-11T23:49:40Z,1735487488,used,mem,cloud5lennart
,,47,2024-06-11T23:49:07Z,2024-06-11T23:50:28.485894201Z,2024-06-11T23:49:50Z,1735225344,used,mem,cloud5lennart
,,47,2024-06-11T23:49:07Z,2024-06-11T23:50:28.485894201Z,2024-06-11T23:50:00Z,1739644928,used,mem,cloud5lennart
,,47,2024-06-11T23:49:07Z,2024-06-11T23:50:28.485894201Z,2024-06-11T23:50:10Z,360157184,used,mem,cloud5lennart
,,47,2024-06-11T23:49:07Z,2024-06-11T23:50:28.485894201Z,2024-06-11T23:50:20Z,348438528,used,mem,cloud5lennart
,,48,2024-06-11T23:49:07Z,2024-06-11T23:50:28.485894201Z,2024-06-11T23:49:10Z,32898109440,available,mem,cloud6lennart
,,48,2024-06-11T23:49:07Z,2024-06-11T23:50:28.485894201Z,2024-06-11T23:49:20Z,32898777088,available,mem,cloud6lennart
,,48,2024-06-11T23:49:07Z,2024-06-11T23:50:28.485894201Z,2024-06-11T23:49:30Z,32898240512,available,mem,cloud6lennart
,,48,2024-06-11T23:49:07Z,2024-06-11T23:50:28.485894201Z,2024-06-11T23:49:40Z,31516102656,available,mem,cloud6lennart
,,48,2024-06-11T23:49:07Z,2024-06-11T23:50:28.485894201Z,2024-06-11T23:49:50Z,31517073408,available,mem,cloud6lennart
,,48,2024-06-11T23:49:07Z,2024-06-11T23:50:28.485894201Z,2024-06-11T23:50:00Z,31513907200,available,mem,cloud6lennart
,,48,2024-06-11T23:49:07Z,2024-06-11T23:50:28.485894201Z,2024-06-11T23:50:10Z,32885776384,available,mem,cloud6lennart
,,48,2024-06-11T23:49:07Z,2024-06-11T23:50:28.485894201Z,2024-06-11T23:50:20Z,32895946752,available,mem,cloud6lennart
,,49,2024-06-11T23:49:07Z,2024-06-11T23:50:28.485894201Z,2024-06-11T23:49:10Z,35008512,buffered,mem,cloud6lennart
,,49,2024-06-11T23:49:07Z,2024-06-11T23:50:28.485894201Z,2024-06-11T23:49:20Z,35008512,buffered,mem,cloud6lennart
,,49,2024-06-11T23:49:07Z,2024-06-11T23:50:28.485894201Z,2024-06-11T23:49:30Z,35008512,buffered,mem,cloud6lennart
,,49,2024-06-11T23:49:07Z,2024-06-11T23:50:28.485894201Z,2024-06-11T23:49:40Z,35061760,buffered,mem,cloud6lennart
,,49,2024-06-11T23:49:07Z,2024-06-11T23:50:28.485894201Z,2024-06-11T23:49:50Z,35074048,buffered,mem,cloud6lennart
,,49,2024-06-11T23:49:07Z,2024-06-11T23:50:28.485894201Z,2024-06-11T23:50:00Z,35078144,buffered,mem,cloud6lennart
,,49,2024-06-11T23:49:07Z,2024-06-11T23:50:28.485894201Z,2024-06-11T23:50:10Z,35123200,buffered,mem,cloud6lennart
,,49,2024-06-11T23:49:07Z,2024-06-11T23:50:28.485894201Z,2024-06-11T23:50:20Z,35123200,buffered,mem,cloud6lennart
,,50,2024-06-11T23:49:07Z,2024-06-11T23:50:28.485894201Z,2024-06-11T23:49:10Z,32724406272,free,mem,cloud6lennart
,,50,2024-06-11T23:49:07Z,2024-06-11T23:50:28.485894201Z,2024-06-11T23:49:20Z,32724955136,free,mem,cloud6lennart
,,50,2024-06-11T23:49:07Z,2024-06-11T23:50:28.485894201Z,2024-06-11T23:49:30Z,32724406272,free,mem,cloud6lennart
,,50,2024-06-11T23:49:07Z,2024-06-11T23:50:28.485894201Z,2024-06-11T23:49:40Z,31341035520,free,mem,cloud6lennart
,,50,2024-06-11T23:49:07Z,2024-06-11T23:50:28.485894201Z,2024-06-11T23:49:50Z,31341932544,free,mem,cloud6lennart
,,50,2024-06-11T23:49:07Z,2024-06-11T23:50:28.485894201Z,2024-06-11T23:50:00Z,31338737664,free,mem,cloud6lennart
,,50,2024-06-11T23:49:07Z,2024-06-11T23:50:28.485894201Z,2024-06-11T23:50:10Z,32711520256,free,mem,cloud6lennart
,,50,2024-06-11T23:49:07Z,2024-06-11T23:50:28.485894201Z,2024-06-11T23:50:20Z,32721690624,free,mem,cloud6lennart
,,51,2024-06-11T23:49:07Z,2024-06-11T23:50:28.485894201Z,2024-06-11T23:49:10Z,1400832,shared,mem,cloud6lennart
,,51,2024-06-11T23:49:07Z,2024-06-11T23:50:28.485894201Z,2024-06-11T23:49:20Z,1400832,shared,mem,cloud6lennart
,,51,2024-06-11T23:49:07Z,2024-06-11T23:50:28.485894201Z,2024-06-11T23:49:30Z,1400832,shared,mem,cloud6lennart
,,51,2024-06-11T23:49:07Z,2024-06-11T23:50:28.485894201Z,2024-06-11T23:49:40Z,1589248,shared,mem,cloud6lennart
,,51,2024-06-11T23:49:07Z,2024-06-11T23:50:28.485894201Z,2024-06-11T23:49:50Z,1589248,shared,mem,cloud6lennart
,,51,2024-06-11T23:49:07Z,2024-06-11T23:50:28.485894201Z,2024-06-11T23:50:00Z,1589248,shared,mem,cloud6lennart
,,51,2024-06-11T23:49:07Z,2024-06-11T23:50:28.485894201Z,2024-06-11T23:50:10Z,1400832,shared,mem,cloud6lennart
,,51,2024-06-11T23:49:07Z,2024-06-11T23:50:28.485894201Z,2024-06-11T23:50:20Z,1400832,shared,mem,cloud6lennart
,,52,2024-06-11T23:49:07Z,2024-06-11T23:50:28.485894201Z,2024-06-11T23:49:10Z,33660653568,total,mem,cloud6lennart
,,52,2024-06-11T23:49:07Z,2024-06-11T23:50:28.485894201Z,2024-06-11T23:49:20Z,33660653568,total,mem,cloud6lennart
,,52,2024-06-11T23:49:07Z,2024-06-11T23:50:28.485894201Z,2024-06-11T23:49:30Z,33660653568,total,mem,cloud6lennart
,,52,2024-06-11T23:49:07Z,2024-06-11T23:50:28.485894201Z,2024-06-11T23:49:40Z,33660653568,total,mem,cloud6lennart
,,52,2024-06-11T23:49:07Z,2024-06-11T23:50:28.485894201Z,2024-06-11T23:49:50Z,33660653568,total,mem,cloud6lennart
,,52,2024-06-11T23:49:07Z,2024-06-11T23:50:28.485894201Z,2024-06-11T23:50:00Z,33660653568,total,mem,cloud6lennart
,,52,2024-06-11T23:49:07Z,2024-06-11T23:50:28.485894201Z,2024-06-11T23:50:10Z,33660653568,total,mem,cloud6lennart
,,52,2024-06-11T23:49:07Z,2024-06-11T23:50:28.485894201Z,2024-06-11T23:50:20Z,33660653568,total,mem,cloud6lennart
,,53,2024-06-11T23:49:07Z,2024-06-11T23:50:28.485894201Z,2024-06-11T23:49:10Z,340852736,used,mem,cloud6lennart
,,53,2024-06-11T23:49:07Z,2024-06-11T23:50:28.485894201Z,2024-06-11T23:49:20Z,340172800,used,mem,cloud6lennart
,,53,2024-06-11T23:49:07Z,2024-06-11T23:50:28.485894201Z,2024-06-11T23:49:30Z,340721664,used,mem,cloud6lennart
,,53,2024-06-11T23:49:07Z,2024-06-11T23:50:28.485894201Z,2024-06-11T23:49:40Z,1721933824,used,mem,cloud6lennart
,,53,2024-06-11T23:49:07Z,2024-06-11T23:50:28.485894201Z,2024-06-11T23:49:50Z,1720893440,used,mem,cloud6lennart
,,53,2024-06-11T23:49:07Z,2024-06-11T23:50:28.485894201Z,2024-06-11T23:50:00Z,1724039168,used,mem,cloud6lennart
,,53,2024-06-11T23:49:07Z,2024-06-11T23:50:28.485894201Z,2024-06-11T23:50:10Z,353140736,used,mem,cloud6lennart
,,53,2024-06-11T23:49:07Z,2024-06-11T23:50:28.485894201Z,2024-06-11T23:50:20Z,342970368,used,mem,cloud6lennart
,,54,2024-06-11T23:49:07Z,2024-06-11T23:50:28.485894201Z,2024-06-11T23:49:10Z,32892047360,available,mem,cloud7lennart
,,54,2024-06-11T23:49:07Z,2024-06-11T23:50:28.485894201Z,2024-06-11T23:49:20Z,32892563456,available,mem,cloud7lennart
,,54,2024-06-11T23:49:07Z,2024-06-11T23:50:28.485894201Z,2024-06-11T23:49:30Z,32892272640,available,mem,cloud7lennart
,,54,2024-06-11T23:49:07Z,2024-06-11T23:50:28.485894201Z,2024-06-11T23:49:40Z,31503532032,available,mem,cloud7lennart
,,54,2024-06-11T23:49:07Z,2024-06-11T23:50:28.485894201Z,2024-06-11T23:49:50Z,31501611008,available,mem,cloud7lennart
,,54,2024-06-11T23:49:07Z,2024-06-11T23:50:28.485894201Z,2024-06-11T23:50:00Z,31501361152,available,mem,cloud7lennart
,,54,2024-06-11T23:49:07Z,2024-06-11T23:50:28.485894201Z,2024-06-11T23:50:10Z,32889876480,available,mem,cloud7lennart
,,54,2024-06-11T23:49:07Z,2024-06-11T23:50:28.485894201Z,2024-06-11T23:50:20Z,32890179584,available,mem,cloud7lennart
,,55,2024-06-11T23:49:07Z,2024-06-11T23:50:28.485894201Z,2024-06-11T23:49:10Z,32145408,buffered,mem,cloud7lennart
,,55,2024-06-11T23:49:07Z,2024-06-11T23:50:28.485894201Z,2024-06-11T23:49:20Z,32145408,buffered,mem,cloud7lennart
,,55,2024-06-11T23:49:07Z,2024-06-11T23:50:28.485894201Z,2024-06-11T23:49:30Z,32145408,buffered,mem,cloud7lennart
,,55,2024-06-11T23:49:07Z,2024-06-11T23:50:28.485894201Z,2024-06-11T23:49:40Z,32206848,buffered,mem,cloud7lennart
,,55,2024-06-11T23:49:07Z,2024-06-11T23:50:28.485894201Z,2024-06-11T23:49:50Z,32210944,buffered,mem,cloud7lennart
,,55,2024-06-11T23:49:07Z,2024-06-11T23:50:28.485894201Z,2024-06-11T23:50:00Z,32219136,buffered,mem,cloud7lennart
,,55,2024-06-11T23:49:07Z,2024-06-11T23:50:28.485894201Z,2024-06-11T23:50:10Z,32264192,buffered,mem,cloud7lennart
,,55,2024-06-11T23:49:07Z,2024-06-11T23:50:28.485894201Z,2024-06-11T23:50:20Z,32276480,buffered,mem,cloud7lennart
,,56,2024-06-11T23:49:07Z,2024-06-11T23:50:28.485894201Z,2024-06-11T23:49:10Z,32727064576,free,mem,cloud7lennart
,,56,2024-06-11T23:49:07Z,2024-06-11T23:50:28.485894201Z,2024-06-11T23:49:20Z,32727580672,free,mem,cloud7lennart
,,56,2024-06-11T23:49:07Z,2024-06-11T23:50:28.485894201Z,2024-06-11T23:49:30Z,32727289856,free,mem,cloud7lennart
,,56,2024-06-11T23:49:07Z,2024-06-11T23:50:28.485894201Z,2024-06-11T23:49:40Z,31337603072,free,mem,cloud7lennart
,,56,2024-06-11T23:49:07Z,2024-06-11T23:50:28.485894201Z,2024-06-11T23:49:50Z,31335702528,free,mem,cloud7lennart
,,56,2024-06-11T23:49:07Z,2024-06-11T23:50:28.485894201Z,2024-06-11T23:50:00Z,31335444480,free,mem,cloud7lennart
,,56,2024-06-11T23:49:07Z,2024-06-11T23:50:28.485894201Z,2024-06-11T23:50:10Z,32724561920,free,mem,cloud7lennart
,,56,2024-06-11T23:49:07Z,2024-06-11T23:50:28.485894201Z,2024-06-11T23:50:20Z,32724852736,free,mem,cloud7lennart
,,57,2024-06-11T23:49:07Z,2024-06-11T23:50:28.485894201Z,2024-06-11T23:49:10Z,1400832,shared,mem,cloud7lennart
,,57,2024-06-11T23:49:07Z,2024-06-11T23:50:28.485894201Z,2024-06-11T23:49:20Z,1400832,shared,mem,cloud7lennart
,,57,2024-06-11T23:49:07Z,2024-06-11T23:50:28.485894201Z,2024-06-11T23:49:30Z,1400832,shared,mem,cloud7lennart
,,57,2024-06-11T23:49:07Z,2024-06-11T23:50:28.485894201Z,2024-06-11T23:49:40Z,1589248,shared,mem,cloud7lennart
,,57,2024-06-11T23:49:07Z,2024-06-11T23:50:28.485894201Z,2024-06-11T23:49:50Z,1589248,shared,mem,cloud7lennart
,,57,2024-06-11T23:49:07Z,2024-06-11T23:50:28.485894201Z,2024-06-11T23:50:00Z,1589248,shared,mem,cloud7lennart
,,57,2024-06-11T23:49:07Z,2024-06-11T23:50:28.485894201Z,2024-06-11T23:50:10Z,1400832,shared,mem,cloud7lennart
,,57,2024-06-11T23:49:07Z,2024-06-11T23:50:28.485894201Z,2024-06-11T23:50:20Z,1400832,shared,mem,cloud7lennart
,,58,2024-06-11T23:49:07Z,2024-06-11T23:50:28.485894201Z,2024-06-11T23:49:10Z,33660665856,total,mem,cloud7lennart
,,58,2024-06-11T23:49:07Z,2024-06-11T23:50:28.485894201Z,2024-06-11T23:49:20Z,33660665856,total,mem,cloud7lennart
,,58,2024-06-11T23:49:07Z,2024-06-11T23:50:28.485894201Z,2024-06-11T23:49:30Z,33660665856,total,mem,cloud7lennart
,,58,2024-06-11T23:49:07Z,2024-06-11T23:50:28.485894201Z,2024-06-11T23:49:40Z,33660665856,total,mem,cloud7lennart
,,58,2024-06-11T23:49:07Z,2024-06-11T23:50:28.485894201Z,2024-06-11T23:49:50Z,33660665856,total,mem,cloud7lennart
,,58,2024-06-11T23:49:07Z,2024-06-11T23:50:28.485894201Z,2024-06-11T23:50:00Z,33660665856,total,mem,cloud7lennart
,,58,2024-06-11T23:49:07Z,2024-06-11T23:50:28.485894201Z,2024-06-11T23:50:10Z,33660665856,total,mem,cloud7lennart
,,58,2024-06-11T23:49:07Z,2024-06-11T23:50:28.485894201Z,2024-06-11T23:50:20Z,33660665856,total,mem,cloud7lennart
,,59,2024-06-11T23:49:07Z,2024-06-11T23:50:28.485894201Z,2024-06-11T23:49:10Z,345501696,used,mem,cloud7lennart
,,59,2024-06-11T23:49:07Z,2024-06-11T23:50:28.485894201Z,2024-06-11T23:49:20Z,344985600,used,mem,cloud7lennart
,,59,2024-06-11T23:49:07Z,2024-06-11T23:50:28.485894201Z,2024-06-11T23:49:30Z,345276416,used,mem,cloud7lennart
,,59,2024-06-11T23:49:07Z,2024-06-11T23:50:28.485894201Z,2024-06-11T23:49:40Z,1733197824,used,mem,cloud7lennart
,,59,2024-06-11T23:49:07Z,2024-06-11T23:50:28.485894201Z,2024-06-11T23:49:50Z,1735143424,used,mem,cloud7lennart
,,59,2024-06-11T23:49:07Z,2024-06-11T23:50:28.485894201Z,2024-06-11T23:50:00Z,1735393280,used,mem,cloud7lennart
,,59,2024-06-11T23:49:07Z,2024-06-11T23:50:28.485894201Z,2024-06-11T23:50:10Z,347664384,used,mem,cloud7lennart
,,59,2024-06-11T23:49:07Z,2024-06-11T23:50:28.485894201Z,2024-06-11T23:50:20Z,347361280,used,mem,cloud7lennart
,,60,2024-06-11T23:49:07Z,2024-06-11T23:50:28.485894201Z,2024-06-11T23:49:10Z,32849010688,available,mem,cloud8lennart
,,60,2024-06-11T23:49:07Z,2024-06-11T23:50:28.485894201Z,2024-06-11T23:49:20Z,32849334272,available,mem,cloud8lennart
,,60,2024-06-11T23:49:07Z,2024-06-11T23:50:28.485894201Z,2024-06-11T23:49:30Z,32849334272,available,mem,cloud8lennart
,,60,2024-06-11T23:49:07Z,2024-06-11T23:50:28.485894201Z,2024-06-11T23:49:40Z,31463141376,available,mem,cloud8lennart
,,60,2024-06-11T23:49:07Z,2024-06-11T23:50:28.485894201Z,2024-06-11T23:49:50Z,31463366656,available,mem,cloud8lennart
,,60,2024-06-11T23:49:07Z,2024-06-11T23:50:28.485894201Z,2024-06-11T23:50:00Z,31459725312,available,mem,cloud8lennart
,,60,2024-06-11T23:49:07Z,2024-06-11T23:50:28.485894201Z,2024-06-11T23:50:10Z,32832446464,available,mem,cloud8lennart
,,60,2024-06-11T23:49:07Z,2024-06-11T23:50:28.485894201Z,2024-06-11T23:50:20Z,32846536704,available,mem,cloud8lennart
,,61,2024-06-11T23:49:07Z,2024-06-11T23:50:28.485894201Z,2024-06-11T23:49:10Z,84234240,buffered,mem,cloud8lennart
,,61,2024-06-11T23:49:07Z,2024-06-11T23:50:28.485894201Z,2024-06-11T23:49:20Z,84234240,buffered,mem,cloud8lennart
,,61,2024-06-11T23:49:07Z,2024-06-11T23:50:28.485894201Z,2024-06-11T23:49:30Z,84234240,buffered,mem,cloud8lennart
,,61,2024-06-11T23:49:07Z,2024-06-11T23:50:28.485894201Z,2024-06-11T23:49:40Z,84262912,buffered,mem,cloud8lennart
,,61,2024-06-11T23:49:07Z,2024-06-11T23:50:28.485894201Z,2024-06-11T23:49:50Z,84262912,buffered,mem,cloud8lennart
,,61,2024-06-11T23:49:07Z,2024-06-11T23:50:28.485894201Z,2024-06-11T23:50:00Z,84262912,buffered,mem,cloud8lennart
,,61,2024-06-11T23:49:07Z,2024-06-11T23:50:28.485894201Z,2024-06-11T23:50:10Z,84295680,buffered,mem,cloud8lennart
,,61,2024-06-11T23:49:07Z,2024-06-11T23:50:28.485894201Z,2024-06-11T23:50:20Z,84303872,buffered,mem,cloud8lennart
,,62,2024-06-11T23:49:07Z,2024-06-11T23:50:28.485894201Z,2024-06-11T23:49:10Z,29910687744,free,mem,cloud8lennart
,,62,2024-06-11T23:49:07Z,2024-06-11T23:50:28.485894201Z,2024-06-11T23:49:20Z,29911011328,free,mem,cloud8lennart
,,62,2024-06-11T23:49:07Z,2024-06-11T23:50:28.485894201Z,2024-06-11T23:49:30Z,29911011328,free,mem,cloud8lennart
,,62,2024-06-11T23:49:07Z,2024-06-11T23:50:28.485894201Z,2024-06-11T23:49:40Z,28523814912,free,mem,cloud8lennart
,,62,2024-06-11T23:49:07Z,2024-06-11T23:50:28.485894201Z,2024-06-11T23:49:50Z,28524040192,free,mem,cloud8lennart
,,62,2024-06-11T23:49:07Z,2024-06-11T23:50:28.485894201Z,2024-06-11T23:50:00Z,28520411136,free,mem,cloud8lennart
,,62,2024-06-11T23:49:07Z,2024-06-11T23:50:28.485894201Z,2024-06-11T23:50:10Z,29893853184,free,mem,cloud8lennart
,,62,2024-06-11T23:49:07Z,2024-06-11T23:50:28.485894201Z,2024-06-11T23:50:20Z,29907935232,free,mem,cloud8lennart
,,63,2024-06-11T23:49:07Z,2024-06-11T23:50:28.485894201Z,2024-06-11T23:49:10Z,1396736,shared,mem,cloud8lennart
,,63,2024-06-11T23:49:07Z,2024-06-11T23:50:28.485894201Z,2024-06-11T23:49:20Z,1396736,shared,mem,cloud8lennart
,,63,2024-06-11T23:49:07Z,2024-06-11T23:50:28.485894201Z,2024-06-11T23:49:30Z,1396736,shared,mem,cloud8lennart
,,63,2024-06-11T23:49:07Z,2024-06-11T23:50:28.485894201Z,2024-06-11T23:49:40Z,1585152,shared,mem,cloud8lennart
,,63,2024-06-11T23:49:07Z,2024-06-11T23:50:28.485894201Z,2024-06-11T23:49:50Z,1585152,shared,mem,cloud8lennart
,,63,2024-06-11T23:49:07Z,2024-06-11T23:50:28.485894201Z,2024-06-11T23:50:00Z,1585152,shared,mem,cloud8lennart
,,63,2024-06-11T23:49:07Z,2024-06-11T23:50:28.485894201Z,2024-06-11T23:50:10Z,1396736,shared,mem,cloud8lennart
,,63,2024-06-11T23:49:07Z,2024-06-11T23:50:28.485894201Z,2024-06-11T23:50:20Z,1396736,shared,mem,cloud8lennart
,,64,2024-06-11T23:49:07Z,2024-06-11T23:50:28.485894201Z,2024-06-11T23:49:10Z,33660653568,total,mem,cloud8lennart
,,64,2024-06-11T23:49:07Z,2024-06-11T23:50:28.485894201Z,2024-06-11T23:49:20Z,33660653568,total,mem,cloud8lennart
,,64,2024-06-11T23:49:07Z,2024-06-11T23:50:28.485894201Z,2024-06-11T23:49:30Z,33660653568,total,mem,cloud8lennart
,,64,2024-06-11T23:49:07Z,2024-06-11T23:50:28.485894201Z,2024-06-11T23:49:40Z,33660653568,total,mem,cloud8lennart
,,64,2024-06-11T23:49:07Z,2024-06-11T23:50:28.485894201Z,2024-06-11T23:49:50Z,33660653568,total,mem,cloud8lennart
,,64,2024-06-11T23:49:07Z,2024-06-11T23:50:28.485894201Z,2024-06-11T23:50:00Z,33660653568,total,mem,cloud8lennart
,,64,2024-06-11T23:49:07Z,2024-06-11T23:50:28.485894201Z,2024-06-11T23:50:10Z,33660653568,total,mem,cloud8lennart
,,64,2024-06-11T23:49:07Z,2024-06-11T23:50:28.485894201Z,2024-06-11T23:50:20Z,33660653568,total,mem,cloud8lennart
,,65,2024-06-11T23:49:07Z,2024-06-11T23:50:28.485894201Z,2024-06-11T23:49:10Z,341409792,used,mem,cloud8lennart
,,65,2024-06-11T23:49:07Z,2024-06-11T23:50:28.485894201Z,2024-06-11T23:49:20Z,341086208,used,mem,cloud8lennart
,,65,2024-06-11T23:49:07Z,2024-06-11T23:50:28.485894201Z,2024-06-11T23:49:30Z,341086208,used,mem,cloud8lennart
,,65,2024-06-11T23:49:07Z,2024-06-11T23:50:28.485894201Z,2024-06-11T23:49:40Z,1726369792,used,mem,cloud8lennart
,,65,2024-06-11T23:49:07Z,2024-06-11T23:50:28.485894201Z,2024-06-11T23:49:50Z,1726144512,used,mem,cloud8lennart
,,65,2024-06-11T23:49:07Z,2024-06-11T23:50:28.485894201Z,2024-06-11T23:50:00Z,1729798144,used,mem,cloud8lennart
,,65,2024-06-11T23:49:07Z,2024-06-11T23:50:28.485894201Z,2024-06-11T23:50:10Z,357847040,used,mem,cloud8lennart
,,65,2024-06-11T23:49:07Z,2024-06-11T23:50:28.485894201Z,2024-06-11T23:50:20Z,343756800,used,mem,cloud8lennart
,,66,2024-06-11T23:49:07Z,2024-06-11T23:50:28.485894201Z,2024-06-11T23:49:10Z,32906649600,available,mem,cloud9lennart
,,66,2024-06-11T23:49:07Z,2024-06-11T23:50:28.485894201Z,2024-06-11T23:49:20Z,32906358784,available,mem,cloud9lennart
,,66,2024-06-11T23:49:07Z,2024-06-11T23:50:28.485894201Z,2024-06-11T23:49:30Z,32906100736,available,mem,cloud9lennart
,,66,2024-06-11T23:49:07Z,2024-06-11T23:50:28.485894201Z,2024-06-11T23:49:40Z,31992135680,available,mem,cloud9lennart
,,66,2024-06-11T23:49:07Z,2024-06-11T23:50:28.485894201Z,2024-06-11T23:49:50Z,31796711424,available,mem,cloud9lennart
,,66,2024-06-11T23:49:07Z,2024-06-11T23:50:28.485894201Z,2024-06-11T23:50:00Z,31506382848,available,mem,cloud9lennart
,,66,2024-06-11T23:49:07Z,2024-06-11T23:50:28.485894201Z,2024-06-11T23:50:10Z,32561741824,available,mem,cloud9lennart
,,66,2024-06-11T23:49:07Z,2024-06-11T23:50:28.485894201Z,2024-06-11T23:50:20Z,32903462912,available,mem,cloud9lennart
,,67,2024-06-11T23:49:07Z,2024-06-11T23:50:28.485894201Z,2024-06-11T23:49:10Z,33517568,buffered,mem,cloud9lennart
,,67,2024-06-11T23:49:07Z,2024-06-11T23:50:28.485894201Z,2024-06-11T23:49:20Z,33517568,buffered,mem,cloud9lennart
,,67,2024-06-11T23:49:07Z,2024-06-11T23:50:28.485894201Z,2024-06-11T23:49:30Z,33517568,buffered,mem,cloud9lennart
,,67,2024-06-11T23:49:07Z,2024-06-11T23:50:28.485894201Z,2024-06-11T23:49:40Z,33570816,buffered,mem,cloud9lennart
,,67,2024-06-11T23:49:07Z,2024-06-11T23:50:28.485894201Z,2024-06-11T23:49:50Z,33579008,buffered,mem,cloud9lennart
,,67,2024-06-11T23:49:07Z,2024-06-11T23:50:28.485894201Z,2024-06-11T23:50:00Z,33587200,buffered,mem,cloud9lennart
,,67,2024-06-11T23:49:07Z,2024-06-11T23:50:28.485894201Z,2024-06-11T23:50:10Z,33656832,buffered,mem,cloud9lennart
,,67,2024-06-11T23:49:07Z,2024-06-11T23:50:28.485894201Z,2024-06-11T23:50:20Z,33714176,buffered,mem,cloud9lennart
,,68,2024-06-11T23:49:07Z,2024-06-11T23:50:28.485894201Z,2024-06-11T23:49:10Z,32431677440,free,mem,cloud9lennart
,,68,2024-06-11T23:49:07Z,2024-06-11T23:50:28.485894201Z,2024-06-11T23:49:20Z,32431386624,free,mem,cloud9lennart
,,68,2024-06-11T23:49:07Z,2024-06-11T23:50:28.485894201Z,2024-06-11T23:49:30Z,32431128576,free,mem,cloud9lennart
,,68,2024-06-11T23:49:07Z,2024-06-11T23:50:28.485894201Z,2024-06-11T23:49:40Z,31515975680,free,mem,cloud9lennart
,,68,2024-06-11T23:49:07Z,2024-06-11T23:50:28.485894201Z,2024-06-11T23:49:50Z,31320473600,free,mem,cloud9lennart
,,68,2024-06-11T23:49:07Z,2024-06-11T23:50:28.485894201Z,2024-06-11T23:50:00Z,31030136832,free,mem,cloud9lennart
,,68,2024-06-11T23:49:07Z,2024-06-11T23:50:28.485894201Z,2024-06-11T23:50:10Z,32085590016,free,mem,cloud9lennart
,,68,2024-06-11T23:49:07Z,2024-06-11T23:50:28.485894201Z,2024-06-11T23:50:20Z,32427642880,free,mem,cloud9lennart
,,69,2024-06-11T23:49:07Z,2024-06-11T23:50:28.485894201Z,2024-06-11T23:49:10Z,1400832,shared,mem,cloud9lennart
,,69,2024-06-11T23:49:07Z,2024-06-11T23:50:28.485894201Z,2024-06-11T23:49:20Z,1400832,shared,mem,cloud9lennart
,,69,2024-06-11T23:49:07Z,2024-06-11T23:50:28.485894201Z,2024-06-11T23:49:30Z,1400832,shared,mem,cloud9lennart
,,69,2024-06-11T23:49:07Z,2024-06-11T23:50:28.485894201Z,2024-06-11T23:49:40Z,1589248,shared,mem,cloud9lennart
,,69,2024-06-11T23:49:07Z,2024-06-11T23:50:28.485894201Z,2024-06-11T23:49:50Z,1589248,shared,mem,cloud9lennart
,,69,2024-06-11T23:49:07Z,2024-06-11T23:50:28.485894201Z,2024-06-11T23:50:00Z,1589248,shared,mem,cloud9lennart
,,69,2024-06-11T23:49:07Z,2024-06-11T23:50:28.485894201Z,2024-06-11T23:50:10Z,1589248,shared,mem,cloud9lennart
,,69,2024-06-11T23:49:07Z,2024-06-11T23:50:28.485894201Z,2024-06-11T23:50:20Z,1400832,shared,mem,cloud9lennart
,,70,2024-06-11T23:49:07Z,2024-06-11T23:50:28.485894201Z,2024-06-11T23:49:10Z,33660645376,total,mem,cloud9lennart
,,70,2024-06-11T23:49:07Z,2024-06-11T23:50:28.485894201Z,2024-06-11T23:49:20Z,33660645376,total,mem,cloud9lennart
,,70,2024-06-11T23:49:07Z,2024-06-11T23:50:28.485894201Z,2024-06-11T23:49:30Z,33660645376,total,mem,cloud9lennart
,,70,2024-06-11T23:49:07Z,2024-06-11T23:50:28.485894201Z,2024-06-11T23:49:40Z,33660645376,total,mem,cloud9lennart
,,70,2024-06-11T23:49:07Z,2024-06-11T23:50:28.485894201Z,2024-06-11T23:49:50Z,33660645376,total,mem,cloud9lennart
,,70,2024-06-11T23:49:07Z,2024-06-11T23:50:28.485894201Z,2024-06-11T23:50:00Z,33660645376,total,mem,cloud9lennart
,,70,2024-06-11T23:49:07Z,2024-06-11T23:50:28.485894201Z,2024-06-11T23:50:10Z,33660645376,total,mem,cloud9lennart
,,70,2024-06-11T23:49:07Z,2024-06-11T23:50:28.485894201Z,2024-06-11T23:50:20Z,33660645376,total,mem,cloud9lennart
,,71,2024-06-11T23:49:07Z,2024-06-11T23:50:28.485894201Z,2024-06-11T23:49:10Z,329322496,used,mem,cloud9lennart
,,71,2024-06-11T23:49:07Z,2024-06-11T23:50:28.485894201Z,2024-06-11T23:49:20Z,329613312,used,mem,cloud9lennart
,,71,2024-06-11T23:49:07Z,2024-06-11T23:50:28.485894201Z,2024-06-11T23:49:30Z,329871360,used,mem,cloud9lennart
,,71,2024-06-11T23:49:07Z,2024-06-11T23:50:28.485894201Z,2024-06-11T23:49:40Z,1242894336,used,mem,cloud9lennart
,,71,2024-06-11T23:49:07Z,2024-06-11T23:50:28.485894201Z,2024-06-11T23:49:50Z,1438257152,used,mem,cloud9lennart
,,71,2024-06-11T23:49:07Z,2024-06-11T23:50:28.485894201Z,2024-06-11T23:50:00Z,1728585728,used,mem,cloud9lennart
,,71,2024-06-11T23:49:07Z,2024-06-11T23:50:28.485894201Z,2024-06-11T23:50:10Z,673566720,used,mem,cloud9lennart
,,71,2024-06-11T23:49:07Z,2024-06-11T23:50:28.485894201Z,2024-06-11T23:50:20Z,332460032,used,mem,cloud9lennart

