#group,false,false,true,true,false,false,true,true,true,true
#datatype,string,long,dateTime:RFC3339,dateTime:RFC3339,dateTime:RFC3339,double,string,string,string,string
#default,_result,,,,,,,,,
,result,table,_start,_stop,_time,_value,_field,_measurement,cpu,host
,,0,2024-06-12T17:18:22Z,2024-06-12T17:19:22.276189513Z,2024-06-12T17:18:30Z,0,usage_guest,cpu,cpu-total,cloud0lennart
,,0,2024-06-12T17:18:22Z,2024-06-12T17:19:22.276189513Z,2024-06-12T17:18:40Z,0,usage_guest,cpu,cpu-total,cloud0lennart
,,0,2024-06-12T17:18:22Z,2024-06-12T17:19:22.276189513Z,2024-06-12T17:18:50Z,0,usage_guest,cpu,cpu-total,cloud0lennart
,,0,2024-06-12T17:18:22Z,2024-06-12T17:19:22.276189513Z,2024-06-12T17:19:00Z,0,usage_guest,cpu,cpu-total,cloud0lennart
,,0,2024-06-12T17:18:22Z,2024-06-12T17:19:22.276189513Z,2024-06-12T17:19:10Z,0,usage_guest,cpu,cpu-total,cloud0lennart
,,1,2024-06-12T17:18:22Z,2024-06-12T17:19:22.276189513Z,2024-06-12T17:18:30Z,0,usage_guest_nice,cpu,cpu-total,cloud0lennart
,,1,2024-06-12T17:18:22Z,2024-06-12T17:19:22.276189513Z,2024-06-12T17:18:40Z,0,usage_guest_nice,cpu,cpu-total,cloud0lennart
,,1,2024-06-12T17:18:22Z,2024-06-12T17:19:22.276189513Z,2024-06-12T17:18:50Z,0,usage_guest_nice,cpu,cpu-total,cloud0lennart
,,1,2024-06-12T17:18:22Z,2024-06-12T17:19:22.276189513Z,2024-06-12T17:19:00Z,0,usage_guest_nice,cpu,cpu-total,cloud0lennart
,,1,2024-06-12T17:18:22Z,2024-06-12T17:19:22.276189513Z,2024-06-12T17:19:10Z,0,usage_guest_nice,cpu,cpu-total,cloud0lennart
,,2,2024-06-12T17:18:22Z,2024-06-12T17:19:22.276189513Z,2024-06-12T17:18:30Z,98.89751941854449,usage_idle,cpu,cpu-total,cloud0lennart
,,2,2024-06-12T17:18:22Z,2024-06-12T17:19:22.276189513Z,2024-06-12T17:18:40Z,94.65629703962519,usage_idle,cpu,cpu-total,cloud0lennart
,,2,2024-06-12T17:18:22Z,2024-06-12T17:19:22.276189513Z,2024-06-12T17:18:50Z,46.290801186938495,usage_idle,cpu,cpu-total,cloud0lennart
,,2,2024-06-12T17:18:22Z,2024-06-12T17:19:22.276189513Z,2024-06-12T17:19:00Z,73.38810057265634,usage_idle,cpu,cpu-total,cloud0lennart
,,2,2024-06-12T17:18:22Z,2024-06-12T17:19:22.276189513Z,2024-06-12T17:19:10Z,97.29255452476566,usage_idle,cpu,cpu-total,cloud0lennart
,,3,2024-06-12T17:18:22Z,2024-06-12T17:19:22.276189513Z,2024-06-12T17:18:30Z,0,usage_iowait,cpu,cpu-total,cloud0lennart
,,3,2024-06-12T17:18:22Z,2024-06-12T17:19:22.276189513Z,2024-06-12T17:18:40Z,0.22579026593077403,usage_iowait,cpu,cpu-total,cloud0lennart
,,3,2024-06-12T17:18:22Z,2024-06-12T17:19:22.276189513Z,2024-06-12T17:18:50Z,0.9396636993089736,usage_iowait,cpu,cpu-total,cloud0lennart
,,3,2024-06-12T17:18:22Z,2024-06-12T17:19:22.276189513Z,2024-06-12T17:19:00Z,0.32362459546984457,usage_iowait,cpu,cpu-total,cloud0lennart
,,3,2024-06-12T17:18:22Z,2024-06-12T17:19:22.276189513Z,2024-06-12T17:19:10Z,0.050137879167501724,usage_iowait,cpu,cpu-total,cloud0lennart
,,4,2024-06-12T17:18:22Z,2024-06-12T17:19:22.276189513Z,2024-06-12T17:18:30Z,0,usage_irq,cpu,cpu-total,cloud0lennart
,,4,2024-06-12T17:18:22Z,2024-06-12T17:19:22.276189513Z,2024-06-12T17:18:40Z,0,usage_irq,cpu,cpu-total,cloud0lennart
,,4,2024-06-12T17:18:22Z,2024-06-12T17:19:22.276189513Z,2024-06-12T17:18:50Z,0,usage_irq,cpu,cpu-total,cloud0lennart
,,4,2024-06-12T17:18:22Z,2024-06-12T17:19:22.276189513Z,2024-06-12T17:19:00Z,0,usage_irq,cpu,cpu-total,cloud0lennart
,,4,2024-06-12T17:18:22Z,2024-06-12T17:19:22.276189513Z,2024-06-12T17:19:10Z,0,usage_irq,cpu,cpu-total,cloud0lennart
,,5,2024-06-12T17:18:22Z,2024-06-12T17:19:22.276189513Z,2024-06-12T17:18:30Z,0,usage_nice,cpu,cpu-total,cloud0lennart
,,5,2024-06-12T17:18:22Z,2024-06-12T17:19:22.276189513Z,2024-06-12T17:18:40Z,0,usage_nice,cpu,cpu-total,cloud0lennart
,,5,2024-06-12T17:18:22Z,2024-06-12T17:19:22.276189513Z,2024-06-12T17:18:50Z,0,usage_nice,cpu,cpu-total,cloud0lennart
,,5,2024-06-12T17:18:22Z,2024-06-12T17:19:22.276189513Z,2024-06-12T17:19:00Z,0,usage_nice,cpu,cpu-total,cloud0lennart
,,5,2024-06-12T17:18:22Z,2024-06-12T17:19:22.276189513Z,2024-06-12T17:19:10Z,0,usage_nice,cpu,cpu-total,cloud0lennart
,,6,2024-06-12T17:18:22Z,2024-06-12T17:19:22.276189513Z,2024-06-12T17:18:30Z,0,usage_softirq,cpu,cpu-total,cloud0lennart
,,6,2024-06-12T17:18:22Z,2024-06-12T17:19:22.276189513Z,2024-06-12T17:18:40Z,0.10035122930250286,usage_softirq,cpu,cpu-total,cloud0lennart
,,6,2024-06-12T17:18:22Z,2024-06-12T17:19:22.276189513Z,2024-06-12T17:18:50Z,0.17309594460994174,usage_softirq,cpu,cpu-total,cloud0lennart
,,6,2024-06-12T17:18:22Z,2024-06-12T17:19:22.276189513Z,2024-06-12T17:19:00Z,0.44809559372708524,usage_softirq,cpu,cpu-total,cloud0lennart
,,6,2024-06-12T17:18:22Z,2024-06-12T17:19:22.276189513Z,2024-06-12T17:19:10Z,0.050137879167501724,usage_softirq,cpu,cpu-total,cloud0lennart
,,7,2024-06-12T17:18:22Z,2024-06-12T17:19:22.276189513Z,2024-06-12T17:18:30Z,0.1002255073911658,usage_steal,cpu,cpu-total,cloud0lennart
,,7,2024-06-12T17:18:22Z,2024-06-12T17:19:22.276189513Z,2024-06-12T17:18:40Z,0.8028098344200228,usage_steal,cpu,cpu-total,cloud0lennart
,,7,2024-06-12T17:18:22Z,2024-06-12T17:19:22.276189513Z,2024-06-12T17:18:50Z,8.110781404561653,usage_steal,cpu,cpu-total,cloud0lennart
,,7,2024-06-12T17:18:22Z,2024-06-12T17:19:22.276189513Z,2024-06-12T17:19:00Z,3.3358227533038987,usage_steal,cpu,cpu-total,cloud0lennart
,,7,2024-06-12T17:18:22Z,2024-06-12T17:19:22.276189513Z,2024-06-12T17:19:10Z,0.2757583354218295,usage_steal,cpu,cpu-total,cloud0lennart
,,8,2024-06-12T17:18:22Z,2024-06-12T17:19:22.276189513Z,2024-06-12T17:18:30Z,0.4009020295646632,usage_system,cpu,cpu-total,cloud0lennart
,,8,2024-06-12T17:18:22Z,2024-06-12T17:19:22.276189513Z,2024-06-12T17:18:40Z,2.3582538886122397,usage_system,cpu,cpu-total,cloud0lennart
,,8,2024-06-12T17:18:22Z,2024-06-12T17:19:22.276189513Z,2024-06-12T17:18:50Z,5.390702274981192,usage_system,cpu,cpu-total,cloud0lennart
,,8,2024-06-12T17:18:22Z,2024-06-12T17:19:22.276189513Z,2024-06-12T17:19:00Z,2.464525765500667,usage_system,cpu,cpu-total,cloud0lennart
,,8,2024-06-12T17:18:22Z,2024-06-12T17:19:22.276189513Z,2024-06-12T17:19:10Z,1.1782401604380006,usage_system,cpu,cpu-total,cloud0lennart
,,9,2024-06-12T17:18:22Z,2024-06-12T17:19:22.276189513Z,2024-06-12T17:18:30Z,0.6013530443515526,usage_user,cpu,cpu-total,cloud0lennart
,,9,2024-06-12T17:18:22Z,2024-06-12T17:19:22.276189513Z,2024-06-12T17:18:40Z,1.8564977420928803,usage_user,cpu,cpu-total,cloud0lennart
,,9,2024-06-12T17:18:22Z,2024-06-12T17:19:22.276189513Z,2024-06-12T17:18:50Z,39.094955489671506,usage_user,cpu,cpu-total,cloud0lennart
,,9,2024-06-12T17:18:22Z,2024-06-12T17:19:22.276189513Z,2024-06-12T17:19:00Z,20.039830719477727,usage_user,cpu,cpu-total,cloud0lennart
,,9,2024-06-12T17:18:22Z,2024-06-12T17:19:22.276189513Z,2024-06-12T17:19:10Z,1.1531712208513996,usage_user,cpu,cpu-total,cloud0lennart
,,10,2024-06-12T17:18:22Z,2024-06-12T17:19:22.276189513Z,2024-06-12T17:18:30Z,0,usage_guest,cpu,cpu-total,cloud10lennart
,,10,2024-06-12T17:18:22Z,2024-06-12T17:19:22.276189513Z,2024-06-12T17:18:40Z,0,usage_guest,cpu,cpu-total,cloud10lennart
,,10,2024-06-12T17:18:22Z,2024-06-12T17:19:22.276189513Z,2024-06-12T17:18:50Z,0,usage_guest,cpu,cpu-total,cloud10lennart
,,10,2024-06-12T17:18:22Z,2024-06-12T17:19:22.276189513Z,2024-06-12T17:19:00Z,0,usage_guest,cpu,cpu-total,cloud10lennart
,,10,2024-06-12T17:18:22Z,2024-06-12T17:19:22.276189513Z,2024-06-12T17:19:10Z,0,usage_guest,cpu,cpu-total,cloud10lennart
,,11,2024-06-12T17:18:22Z,2024-06-12T17:19:22.276189513Z,2024-06-12T17:18:30Z,0,usage_guest_nice,cpu,cpu-total,cloud10lennart
,,11,2024-06-12T17:18:22Z,2024-06-12T17:19:22.276189513Z,2024-06-12T17:18:40Z,0,usage_guest_nice,cpu,cpu-total,cloud10lennart
,,11,2024-06-12T17:18:22Z,2024-06-12T17:19:22.276189513Z,2024-06-12T17:18:50Z,0,usage_guest_nice,cpu,cpu-total,cloud10lennart
,,11,2024-06-12T17:18:22Z,2024-06-12T17:19:22.276189513Z,2024-06-12T17:19:00Z,0,usage_guest_nice,cpu,cpu-total,cloud10lennart
,,11,2024-06-12T17:18:22Z,2024-06-12T17:19:22.276189513Z,2024-06-12T17:19:10Z,0,usage_guest_nice,cpu,cpu-total,cloud10lennart
,,12,2024-06-12T17:18:22Z,2024-06-12T17:19:22.276189513Z,2024-06-12T17:18:30Z,98.47728407392174,usage_idle,cpu,cpu-total,cloud10lennart
,,12,2024-06-12T17:18:22Z,2024-06-12T17:19:22.276189513Z,2024-06-12T17:18:40Z,98.54745805169287,usage_idle,cpu,cpu-total,cloud10lennart
,,12,2024-06-12T17:18:22Z,2024-06-12T17:19:22.276189513Z,2024-06-12T17:18:50Z,98.62327909875944,usage_idle,cpu,cpu-total,cloud10lennart
,,12,2024-06-12T17:18:22Z,2024-06-12T17:19:22.276189513Z,2024-06-12T17:19:00Z,68.10837683310137,usage_idle,cpu,cpu-total,cloud10lennart
,,12,2024-06-12T17:18:22Z,2024-06-12T17:19:22.276189513Z,2024-06-12T17:19:10Z,97.2451790634147,usage_idle,cpu,cpu-total,cloud10lennart
,,13,2024-06-12T17:18:22Z,2024-06-12T17:19:22.276189513Z,2024-06-12T17:18:30Z,0,usage_iowait,cpu,cpu-total,cloud10lennart
,,13,2024-06-12T17:18:22Z,2024-06-12T17:19:22.276189513Z,2024-06-12T17:18:40Z,0,usage_iowait,cpu,cpu-total,cloud10lennart
,,13,2024-06-12T17:18:22Z,2024-06-12T17:19:22.276189513Z,2024-06-12T17:18:50Z,0,usage_iowait,cpu,cpu-total,cloud10lennart
,,13,2024-06-12T17:18:22Z,2024-06-12T17:19:22.276189513Z,2024-06-12T17:19:00Z,1.143425304496441,usage_iowait,cpu,cpu-total,cloud10lennart
,,13,2024-06-12T17:18:22Z,2024-06-12T17:19:22.276189513Z,2024-06-12T17:19:10Z,0.07513148009021212,usage_iowait,cpu,cpu-total,cloud10lennart
,,14,2024-06-12T17:18:22Z,2024-06-12T17:19:22.276189513Z,2024-06-12T17:18:30Z,0,usage_irq,cpu,cpu-total,cloud10lennart
,,14,2024-06-12T17:18:22Z,2024-06-12T17:19:22.276189513Z,2024-06-12T17:18:40Z,0,usage_irq,cpu,cpu-total,cloud10lennart
,,14,2024-06-12T17:18:22Z,2024-06-12T17:19:22.276189513Z,2024-06-12T17:18:50Z,0,usage_irq,cpu,cpu-total,cloud10lennart
,,14,2024-06-12T17:18:22Z,2024-06-12T17:19:22.276189513Z,2024-06-12T17:19:00Z,0,usage_irq,cpu,cpu-total,cloud10lennart
,,14,2024-06-12T17:18:22Z,2024-06-12T17:19:22.276189513Z,2024-06-12T17:19:10Z,0,usage_irq,cpu,cpu-total,cloud10lennart
,,15,2024-06-12T17:18:22Z,2024-06-12T17:19:22.276189513Z,2024-06-12T17:18:30Z,0,usage_nice,cpu,cpu-total,cloud10lennart
,,15,2024-06-12T17:18:22Z,2024-06-12T17:19:22.276189513Z,2024-06-12T17:18:40Z,0,usage_nice,cpu,cpu-total,cloud10lennart
,,15,2024-06-12T17:18:22Z,2024-06-12T17:19:22.276189513Z,2024-06-12T17:18:50Z,0,usage_nice,cpu,cpu-total,cloud10lennart
,,15,2024-06-12T17:18:22Z,2024-06-12T17:19:22.276189513Z,2024-06-12T17:19:00Z,0,usage_nice,cpu,cpu-total,cloud10lennart
,,15,2024-06-12T17:18:22Z,2024-06-12T17:19:22.276189513Z,2024-06-12T17:19:10Z,0,usage_nice,cpu,cpu-total,cloud10lennart
,,16,2024-06-12T17:18:22Z,2024-06-12T17:19:22.276189513Z,2024-06-12T17:18:30Z,0.02496255616179331,usage_softirq,cpu,cpu-total,cloud10lennart
,,16,2024-06-12T17:18:22Z,2024-06-12T17:19:22.276189513Z,2024-06-12T17:18:40Z,0.025043826701862247,usage_softirq,cpu,cpu-total,cloud10lennart
,,16,2024-06-12T17:18:22Z,2024-06-12T17:19:22.276189513Z,2024-06-12T17:18:50Z,0,usage_softirq,cpu,cpu-total,cloud10lennart
,,16,2024-06-12T17:18:22Z,2024-06-12T17:19:22.276189513Z,2024-06-12T17:19:00Z,0.1739995028574169,usage_softirq,cpu,cpu-total,cloud10lennart
,,16,2024-06-12T17:18:22Z,2024-06-12T17:19:22.276189513Z,2024-06-12T17:19:10Z,0.1001753067892272,usage_softirq,cpu,cpu-total,cloud10lennart
,,17,2024-06-12T17:18:22Z,2024-06-12T17:19:22.276189513Z,2024-06-12T17:18:30Z,0.3744383424881986,usage_steal,cpu,cpu-total,cloud10lennart
,,17,2024-06-12T17:18:22Z,2024-06-12T17:19:22.276189513Z,2024-06-12T17:18:40Z,0.27548209366354165,usage_steal,cpu,cpu-total,cloud10lennart
,,17,2024-06-12T17:18:22Z,2024-06-12T17:19:22.276189513Z,2024-06-12T17:18:50Z,0.3504380475596562,usage_steal,cpu,cpu-total,cloud10lennart
,,17,2024-06-12T17:18:22Z,2024-06-12T17:19:22.276189513Z,2024-06-12T17:19:00Z,2.162565249808044,usage_steal,cpu,cpu-total,cloud10lennart
,,17,2024-06-12T17:18:22Z,2024-06-12T17:19:22.276189513Z,2024-06-12T17:19:10Z,0.4257450538451047,usage_steal,cpu,cpu-total,cloud10lennart
,,18,2024-06-12T17:18:22Z,2024-06-12T17:19:22.276189513Z,2024-06-12T17:18:30Z,0.4493260109849302,usage_system,cpu,cpu-total,cloud10lennart
,,18,2024-06-12T17:18:22Z,2024-06-12T17:19:22.276189513Z,2024-06-12T17:18:40Z,0.5008765339324697,usage_system,cpu,cpu-total,cloud10lennart
,,18,2024-06-12T17:18:22Z,2024-06-12T17:19:22.276189513Z,2024-06-12T17:18:50Z,0.4755944931168388,usage_system,cpu,cpu-total,cloud10lennart
,,18,2024-06-12T17:18:22Z,2024-06-12T17:19:22.276189513Z,2024-06-12T17:19:00Z,6.1645538155444575,usage_system,cpu,cpu-total,cloud10lennart
,,18,2024-06-12T17:18:22Z,2024-06-12T17:19:22.276189513Z,2024-06-12T17:19:10Z,0.9767092411767434,usage_system,cpu,cpu-total,cloud10lennart
,,19,2024-06-12T17:18:22Z,2024-06-12T17:19:22.276189513Z,2024-06-12T17:18:30Z,0.6739890164501513,usage_user,cpu,cpu-total,cloud10lennart
,,19,2024-06-12T17:18:22Z,2024-06-12T17:19:22.276189513Z,2024-06-12T17:18:40Z,0.6511394941390877,usage_user,cpu,cpu-total,cloud10lennart
,,19,2024-06-12T17:18:22Z,2024-06-12T17:19:22.276189513Z,2024-06-12T17:18:50Z,0.5506883604525143,usage_user,cpu,cpu-total,cloud10lennart
,,19,2024-06-12T17:18:22Z,2024-06-12T17:19:22.276189513Z,2024-06-12T17:19:00Z,22.24707929399785,usage_user,cpu,cpu-total,cloud10lennart
,,19,2024-06-12T17:18:22Z,2024-06-12T17:19:22.276189513Z,2024-06-12T17:19:10Z,1.1770598547506423,usage_user,cpu,cpu-total,cloud10lennart
,,20,2024-06-12T17:18:22Z,2024-06-12T17:19:22.276189513Z,2024-06-12T17:18:30Z,0,usage_guest,cpu,cpu-total,cloud11lennart
,,20,2024-06-12T17:18:22Z,2024-06-12T17:19:22.276189513Z,2024-06-12T17:18:40Z,0,usage_guest,cpu,cpu-total,cloud11lennart
,,20,2024-06-12T17:18:22Z,2024-06-12T17:19:22.276189513Z,2024-06-12T17:18:50Z,0,usage_guest,cpu,cpu-total,cloud11lennart
,,20,2024-06-12T17:18:22Z,2024-06-12T17:19:22.276189513Z,2024-06-12T17:19:00Z,0,usage_guest,cpu,cpu-total,cloud11lennart
,,20,2024-06-12T17:18:22Z,2024-06-12T17:19:22.276189513Z,2024-06-12T17:19:10Z,0,usage_guest,cpu,cpu-total,cloud11lennart
,,21,2024-06-12T17:18:22Z,2024-06-12T17:19:22.276189513Z,2024-06-12T17:18:30Z,0,usage_guest_nice,cpu,cpu-total,cloud11lennart
,,21,2024-06-12T17:18:22Z,2024-06-12T17:19:22.276189513Z,2024-06-12T17:18:40Z,0,usage_guest_nice,cpu,cpu-total,cloud11lennart
,,21,2024-06-12T17:18:22Z,2024-06-12T17:19:22.276189513Z,2024-06-12T17:18:50Z,0,usage_guest_nice,cpu,cpu-total,cloud11lennart
,,21,2024-06-12T17:18:22Z,2024-06-12T17:19:22.276189513Z,2024-06-12T17:19:00Z,0,usage_guest_nice,cpu,cpu-total,cloud11lennart
,,21,2024-06-12T17:18:22Z,2024-06-12T17:19:22.276189513Z,2024-06-12T17:19:10Z,0,usage_guest_nice,cpu,cpu-total,cloud11lennart
,,22,2024-06-12T17:18:22Z,2024-06-12T17:19:22.276189513Z,2024-06-12T17:18:30Z,98.54818523135546,usage_idle,cpu,cpu-total,cloud11lennart
,,22,2024-06-12T17:18:22Z,2024-06-12T17:19:22.276189513Z,2024-06-12T17:18:40Z,98.25174825186109,usage_idle,cpu,cpu-total,cloud11lennart
,,22,2024-06-12T17:18:22Z,2024-06-12T17:19:22.276189513Z,2024-06-12T17:18:50Z,98.09762202751443,usage_idle,cpu,cpu-total,cloud11lennart
,,22,2024-06-12T17:18:22Z,2024-06-12T17:19:22.276189513Z,2024-06-12T17:19:00Z,64.54094292798824,usage_idle,cpu,cpu-total,cloud11lennart
,,22,2024-06-12T17:18:22Z,2024-06-12T17:19:22.276189513Z,2024-06-12T17:19:10Z,96.79759819857685,usage_idle,cpu,cpu-total,cloud11lennart
,,23,2024-06-12T17:18:22Z,2024-06-12T17:19:22.276189513Z,2024-06-12T17:18:30Z,0,usage_iowait,cpu,cpu-total,cloud11lennart
,,23,2024-06-12T17:18:22Z,2024-06-12T17:19:22.276189513Z,2024-06-12T17:18:40Z,0,usage_iowait,cpu,cpu-total,cloud11lennart
,,23,2024-06-12T17:18:22Z,2024-06-12T17:19:22.276189513Z,2024-06-12T17:18:50Z,0,usage_iowait,cpu,cpu-total,cloud11lennart
,,23,2024-06-12T17:18:22Z,2024-06-12T17:19:22.276189513Z,2024-06-12T17:19:00Z,1.7617866004940503,usage_iowait,cpu,cpu-total,cloud11lennart
,,23,2024-06-12T17:18:22Z,2024-06-12T17:19:22.276189513Z,2024-06-12T17:19:10Z,0.05003752814638348,usage_iowait,cpu,cpu-total,cloud11lennart
,,24,2024-06-12T17:18:22Z,2024-06-12T17:19:22.276189513Z,2024-06-12T17:18:30Z,0,usage_irq,cpu,cpu-total,cloud11lennart
,,24,2024-06-12T17:18:22Z,2024-06-12T17:19:22.276189513Z,2024-06-12T17:18:40Z,0,usage_irq,cpu,cpu-total,cloud11lennart
,,24,2024-06-12T17:18:22Z,2024-06-12T17:19:22.276189513Z,2024-06-12T17:18:50Z,0,usage_irq,cpu,cpu-total,cloud11lennart
,,24,2024-06-12T17:18:22Z,2024-06-12T17:19:22.276189513Z,2024-06-12T17:19:00Z,0,usage_irq,cpu,cpu-total,cloud11lennart
,,24,2024-06-12T17:18:22Z,2024-06-12T17:19:22.276189513Z,2024-06-12T17:19:10Z,0,usage_irq,cpu,cpu-total,cloud11lennart
,,25,2024-06-12T17:18:22Z,2024-06-12T17:19:22.276189513Z,2024-06-12T17:18:30Z,0,usage_nice,cpu,cpu-total,cloud11lennart
,,25,2024-06-12T17:18:22Z,2024-06-12T17:19:22.276189513Z,2024-06-12T17:18:40Z,0,usage_nice,cpu,cpu-total,cloud11lennart
,,25,2024-06-12T17:18:22Z,2024-06-12T17:19:22.276189513Z,2024-06-12T17:18:50Z,0,usage_nice,cpu,cpu-total,cloud11lennart
,,25,2024-06-12T17:18:22Z,2024-06-12T17:19:22.276189513Z,2024-06-12T17:19:00Z,0,usage_nice,cpu,cpu-total,cloud11lennart
,,25,2024-06-12T17:18:22Z,2024-06-12T17:19:22.276189513Z,2024-06-12T17:19:10Z,0,usage_nice,cpu,cpu-total,cloud11lennart
,,26,2024-06-12T17:18:22Z,2024-06-12T17:19:22.276189513Z,2024-06-12T17:18:30Z,0.02503128911189185,usage_softirq,cpu,cpu-total,cloud11lennart
,,26,2024-06-12T17:18:22Z,2024-06-12T17:19:22.276189513Z,2024-06-12T17:18:40Z,0.024975024975619504,usage_softirq,cpu,cpu-total,cloud11lennart
,,26,2024-06-12T17:18:22Z,2024-06-12T17:19:22.276189513Z,2024-06-12T17:18:50Z,0.05006257821923054,usage_softirq,cpu,cpu-total,cloud11lennart
,,26,2024-06-12T17:18:22Z,2024-06-12T17:19:22.276189513Z,2024-06-12T17:19:00Z,0.3225806451634452,usage_softirq,cpu,cpu-total,cloud11lennart
,,26,2024-06-12T17:18:22Z,2024-06-12T17:19:22.276189513Z,2024-06-12T17:19:10Z,0.025018764073618385,usage_softirq,cpu,cpu-total,cloud11lennart
,,27,2024-06-12T17:18:22Z,2024-06-12T17:19:22.276189513Z,2024-06-12T17:18:30Z,0.20025031289058165,usage_steal,cpu,cpu-total,cloud11lennart
,,27,2024-06-12T17:18:22Z,2024-06-12T17:19:22.276189513Z,2024-06-12T17:18:40Z,0.32467532467623916,usage_steal,cpu,cpu-total,cloud11lennart
,,27,2024-06-12T17:18:22Z,2024-06-12T17:19:22.276189513Z,2024-06-12T17:18:50Z,0.25031289111208876,usage_steal,cpu,cpu-total,cloud11lennart
,,27,2024-06-12T17:18:22Z,2024-06-12T17:19:22.276189513Z,2024-06-12T17:19:00Z,2.0843672456555207,usage_steal,cpu,cpu-total,cloud11lennart
,,27,2024-06-12T17:18:22Z,2024-06-12T17:19:22.276189513Z,2024-06-12T17:19:10Z,0.45033775331602915,usage_steal,cpu,cpu-total,cloud11lennart
,,28,2024-06-12T17:18:22Z,2024-06-12T17:19:22.276189513Z,2024-06-12T17:18:30Z,0.5506883604525143,usage_system,cpu,cpu-total,cloud11lennart
,,28,2024-06-12T17:18:22Z,2024-06-12T17:19:22.276189513Z,2024-06-12T17:18:40Z,0.6243756243768588,usage_system,cpu,cpu-total,cloud11lennart
,,28,2024-06-12T17:18:22Z,2024-06-12T17:19:22.276189513Z,2024-06-12T17:18:50Z,0.7759699624504347,usage_system,cpu,cpu-total,cloud11lennart
,,28,2024-06-12T17:18:22Z,2024-06-12T17:19:22.276189513Z,2024-06-12T17:19:00Z,6.749379652596035,usage_system,cpu,cpu-total,cloud11lennart
,,28,2024-06-12T17:18:22Z,2024-06-12T17:19:22.276189513Z,2024-06-12T17:19:10Z,1.0758068551428361,usage_system,cpu,cpu-total,cloud11lennart
,,29,2024-06-12T17:18:22Z,2024-06-12T17:19:22.276189513Z,2024-06-12T17:18:30Z,0.6758448059801015,usage_user,cpu,cpu-total,cloud11lennart
,,29,2024-06-12T17:18:22Z,2024-06-12T17:19:22.276189513Z,2024-06-12T17:18:40Z,0.7742257742578335,usage_user,cpu,cpu-total,cloud11lennart
,,29,2024-06-12T17:18:22Z,2024-06-12T17:19:22.276189513Z,2024-06-12T17:18:50Z,0.8260325406423463,usage_user,cpu,cpu-total,cloud11lennart
,,29,2024-06-12T17:18:22Z,2024-06-12T17:19:22.276189513Z,2024-06-12T17:19:00Z,24.5409429280099,usage_user,cpu,cpu-total,cloud11lennart
,,29,2024-06-12T17:18:22Z,2024-06-12T17:19:22.276189513Z,2024-06-12T17:19:10Z,1.6012009007115766,usage_user,cpu,cpu-total,cloud11lennart
,,30,2024-06-12T17:18:22Z,2024-06-12T17:19:22.276189513Z,2024-06-12T17:18:30Z,0,usage_guest,cpu,cpu-total,cloud1lennart
,,30,2024-06-12T17:18:22Z,2024-06-12T17:19:22.276189513Z,2024-06-12T17:18:40Z,0,usage_guest,cpu,cpu-total,cloud1lennart
,,30,2024-06-12T17:18:22Z,2024-06-12T17:19:22.276189513Z,2024-06-12T17:18:50Z,0,usage_guest,cpu,cpu-total,cloud1lennart
,,30,2024-06-12T17:18:22Z,2024-06-12T17:19:22.276189513Z,2024-06-12T17:19:00Z,0,usage_guest,cpu,cpu-total,cloud1lennart
,,30,2024-06-12T17:18:22Z,2024-06-12T17:19:22.276189513Z,2024-06-12T17:19:10Z,0,usage_guest,cpu,cpu-total,cloud1lennart
,,31,2024-06-12T17:18:22Z,2024-06-12T17:19:22.276189513Z,2024-06-12T17:18:30Z,0,usage_guest_nice,cpu,cpu-total,cloud1lennart
,,31,2024-06-12T17:18:22Z,2024-06-12T17:19:22.276189513Z,2024-06-12T17:18:40Z,0,usage_guest_nice,cpu,cpu-total,cloud1lennart
,,31,2024-06-12T17:18:22Z,2024-06-12T17:19:22.276189513Z,2024-06-12T17:18:50Z,0,usage_guest_nice,cpu,cpu-total,cloud1lennart
,,31,2024-06-12T17:18:22Z,2024-06-12T17:19:22.276189513Z,2024-06-12T17:19:00Z,0,usage_guest_nice,cpu,cpu-total,cloud1lennart
,,31,2024-06-12T17:18:22Z,2024-06-12T17:19:22.276189513Z,2024-06-12T17:19:10Z,0,usage_guest_nice,cpu,cpu-total,cloud1lennart
,,32,2024-06-12T17:18:22Z,2024-06-12T17:19:22.276189513Z,2024-06-12T17:18:30Z,98.72148408120046,usage_idle,cpu,cpu-total,cloud1lennart
,,32,2024-06-12T17:18:22Z,2024-06-12T17:19:22.276189513Z,2024-06-12T17:18:40Z,93.92500000016298,usage_idle,cpu,cpu-total,cloud1lennart
,,32,2024-06-12T17:18:22Z,2024-06-12T17:19:22.276189513Z,2024-06-12T17:18:50Z,48.62774451086441,usage_idle,cpu,cpu-total,cloud1lennart
,,32,2024-06-12T17:18:22Z,2024-06-12T17:19:22.276189513Z,2024-06-12T17:19:00Z,75.48387096768789,usage_idle,cpu,cpu-total,cloud1lennart
,,32,2024-06-12T17:18:22Z,2024-06-12T17:19:22.276189513Z,2024-06-12T17:19:10Z,96.10194902564034,usage_idle,cpu,cpu-total,cloud1lennart
,,33,2024-06-12T17:18:22Z,2024-06-12T17:19:22.276189513Z,2024-06-12T17:18:30Z,0,usage_iowait,cpu,cpu-total,cloud1lennart
,,33,2024-06-12T17:18:22Z,2024-06-12T17:19:22.276189513Z,2024-06-12T17:18:40Z,0.30000000000001137,usage_iowait,cpu,cpu-total,cloud1lennart
,,33,2024-06-12T17:18:22Z,2024-06-12T17:19:22.276189513Z,2024-06-12T17:18:50Z,1.2974051896183014,usage_iowait,cpu,cpu-total,cloud1lennart
,,33,2024-06-12T17:18:22Z,2024-06-12T17:19:22.276189513Z,2024-06-12T17:19:00Z,0.12406947890843184,usage_iowait,cpu,cpu-total,cloud1lennart
,,33,2024-06-12T17:18:22Z,2024-06-12T17:19:22.276189513Z,2024-06-12T17:19:10Z,0.1999000499749507,usage_iowait,cpu,cpu-total,cloud1lennart
,,34,2024-06-12T17:18:22Z,2024-06-12T17:19:22.276189513Z,2024-06-12T17:18:30Z,0,usage_irq,cpu,cpu-total,cloud1lennart
,,34,2024-06-12T17:18:22Z,2024-06-12T17:19:22.276189513Z,2024-06-12T17:18:40Z,0,usage_irq,cpu,cpu-total,cloud1lennart
,,34,2024-06-12T17:18:22Z,2024-06-12T17:19:22.276189513Z,2024-06-12T17:18:50Z,0,usage_irq,cpu,cpu-total,cloud1lennart
,,34,2024-06-12T17:18:22Z,2024-06-12T17:19:22.276189513Z,2024-06-12T17:19:00Z,0,usage_irq,cpu,cpu-total,cloud1lennart
,,34,2024-06-12T17:18:22Z,2024-06-12T17:19:22.276189513Z,2024-06-12T17:19:10Z,0,usage_irq,cpu,cpu-total,cloud1lennart
,,35,2024-06-12T17:18:22Z,2024-06-12T17:19:22.276189513Z,2024-06-12T17:18:30Z,0,usage_nice,cpu,cpu-total,cloud1lennart
,,35,2024-06-12T17:18:22Z,2024-06-12T17:19:22.276189513Z,2024-06-12T17:18:40Z,0,usage_nice,cpu,cpu-total,cloud1lennart
,,35,2024-06-12T17:18:22Z,2024-06-12T17:19:22.276189513Z,2024-06-12T17:18:50Z,0,usage_nice,cpu,cpu-total,cloud1lennart
,,35,2024-06-12T17:18:22Z,2024-06-12T17:19:22.276189513Z,2024-06-12T17:19:00Z,0,usage_nice,cpu,cpu-total,cloud1lennart
,,35,2024-06-12T17:18:22Z,2024-06-12T17:19:22.276189513Z,2024-06-12T17:19:10Z,0,usage_nice,cpu,cpu-total,cloud1lennart
,,36,2024-06-12T17:18:22Z,2024-06-12T17:19:22.276189513Z,2024-06-12T17:18:30Z,0.025068939584394025,usage_softirq,cpu,cpu-total,cloud1lennart
,,36,2024-06-12T17:18:22Z,2024-06-12T17:19:22.276189513Z,2024-06-12T17:18:40Z,0.12500000000045475,usage_softirq,cpu,cpu-total,cloud1lennart
,,36,2024-06-12T17:18:22Z,2024-06-12T17:19:22.276189513Z,2024-06-12T17:18:50Z,0.19960079840264103,usage_softirq,cpu,cpu-total,cloud1lennart
,,36,2024-06-12T17:18:22Z,2024-06-12T17:19:22.276189513Z,2024-06-12T17:19:00Z,0.32258064516212026,usage_softirq,cpu,cpu-total,cloud1lennart
,,36,2024-06-12T17:18:22Z,2024-06-12T17:19:22.276189513Z,2024-06-12T17:19:10Z,0.09995002498736882,usage_softirq,cpu,cpu-total,cloud1lennart
,,37,2024-06-12T17:18:22Z,2024-06-12T17:19:22.276189513Z,2024-06-12T17:18:30Z,0.17548257708733817,usage_steal,cpu,cpu-total,cloud1lennart
,,37,2024-06-12T17:18:22Z,2024-06-12T17:19:22.276189513Z,2024-06-12T17:18:40Z,0.8749999999997726,usage_steal,cpu,cpu-total,cloud1lennart
,,37,2024-06-12T17:18:22Z,2024-06-12T17:19:22.276189513Z,2024-06-12T17:18:50Z,3.817365269454481,usage_steal,cpu,cpu-total,cloud1lennart
,,37,2024-06-12T17:18:22Z,2024-06-12T17:19:22.276189513Z,2024-06-12T17:19:00Z,2.605459057075799,usage_steal,cpu,cpu-total,cloud1lennart
,,37,2024-06-12T17:18:22Z,2024-06-12T17:19:22.276189513Z,2024-06-12T17:19:10Z,0.5997001499253493,usage_steal,cpu,cpu-total,cloud1lennart
,,38,2024-06-12T17:18:22Z,2024-06-12T17:19:22.276189513Z,2024-06-12T17:18:30Z,0.45124091250997245,usage_system,cpu,cpu-total,cloud1lennart
,,38,2024-06-12T17:18:22Z,2024-06-12T17:19:22.276189513Z,2024-06-12T17:18:40Z,2.5749999999993634,usage_system,cpu,cpu-total,cloud1lennart
,,38,2024-06-12T17:18:22Z,2024-06-12T17:19:22.276189513Z,2024-06-12T17:18:50Z,6.062874251486462,usage_system,cpu,cpu-total,cloud1lennart
,,38,2024-06-12T17:18:22Z,2024-06-12T17:19:22.276189513Z,2024-06-12T17:19:00Z,2.0595533498793195,usage_system,cpu,cpu-total,cloud1lennart
,,38,2024-06-12T17:18:22Z,2024-06-12T17:19:22.276189513Z,2024-06-12T17:19:10Z,1.4742628685653947,usage_system,cpu,cpu-total,cloud1lennart
,,39,2024-06-12T17:18:22Z,2024-06-12T17:19:22.276189513Z,2024-06-12T17:18:30Z,0.6267234895961706,usage_user,cpu,cpu-total,cloud1lennart
,,39,2024-06-12T17:18:22Z,2024-06-12T17:19:22.276189513Z,2024-06-12T17:18:40Z,2.1999999999934516,usage_user,cpu,cpu-total,cloud1lennart
,,39,2024-06-12T17:18:22Z,2024-06-12T17:19:22.276189513Z,2024-06-12T17:18:50Z,39.99500997996267,usage_user,cpu,cpu-total,cloud1lennart
,,39,2024-06-12T17:18:22Z,2024-06-12T17:19:22.276189513Z,2024-06-12T17:19:00Z,19.404466501273603,usage_user,cpu,cpu-total,cloud1lennart
,,39,2024-06-12T17:18:22Z,2024-06-12T17:19:22.276189513Z,2024-06-12T17:19:10Z,1.5242378810602153,usage_user,cpu,cpu-total,cloud1lennart
,,40,2024-06-12T17:18:22Z,2024-06-12T17:19:22.276189513Z,2024-06-12T17:18:30Z,0,usage_guest,cpu,cpu-total,cloud2lennart
,,40,2024-06-12T17:18:22Z,2024-06-12T17:19:22.276189513Z,2024-06-12T17:18:40Z,0,usage_guest,cpu,cpu-total,cloud2lennart
,,40,2024-06-12T17:18:22Z,2024-06-12T17:19:22.276189513Z,2024-06-12T17:18:50Z,0,usage_guest,cpu,cpu-total,cloud2lennart
,,40,2024-06-12T17:18:22Z,2024-06-12T17:19:22.276189513Z,2024-06-12T17:19:00Z,0,usage_guest,cpu,cpu-total,cloud2lennart
,,40,2024-06-12T17:18:22Z,2024-06-12T17:19:22.276189513Z,2024-06-12T17:19:10Z,0,usage_guest,cpu,cpu-total,cloud2lennart
,,41,2024-06-12T17:18:22Z,2024-06-12T17:19:22.276189513Z,2024-06-12T17:18:30Z,0,usage_guest_nice,cpu,cpu-total,cloud2lennart
,,41,2024-06-12T17:18:22Z,2024-06-12T17:19:22.276189513Z,2024-06-12T17:18:40Z,0,usage_guest_nice,cpu,cpu-total,cloud2lennart
,,41,2024-06-12T17:18:22Z,2024-06-12T17:19:22.276189513Z,2024-06-12T17:18:50Z,0,usage_guest_nice,cpu,cpu-total,cloud2lennart
,,41,2024-06-12T17:18:22Z,2024-06-12T17:19:22.276189513Z,2024-06-12T17:19:00Z,0,usage_guest_nice,cpu,cpu-total,cloud2lennart
,,41,2024-06-12T17:18:22Z,2024-06-12T17:19:22.276189513Z,2024-06-12T17:19:10Z,0,usage_guest_nice,cpu,cpu-total,cloud2lennart
,,42,2024-06-12T17:18:22Z,2024-06-12T17:19:22.276189513Z,2024-06-12T17:18:30Z,98.92311545191417,usage_idle,cpu,cpu-total,cloud2lennart
,,42,2024-06-12T17:18:22Z,2024-06-12T17:19:22.276189513Z,2024-06-12T17:18:40Z,98.45000000001164,usage_idle,cpu,cpu-total,cloud2lennart
,,42,2024-06-12T17:18:22Z,2024-06-12T17:19:22.276189513Z,2024-06-12T17:18:50Z,98.75187219171417,usage_idle,cpu,cpu-total,cloud2lennart
,,42,2024-06-12T17:18:22Z,2024-06-12T17:19:22.276189513Z,2024-06-12T17:19:00Z,70.11207970113813,usage_idle,cpu,cpu-total,cloud2lennart
,,42,2024-06-12T17:18:22Z,2024-06-12T17:19:22.276189513Z,2024-06-12T17:19:10Z,97.49749749749516,usage_idle,cpu,cpu-total,cloud2lennart
,,43,2024-06-12T17:18:22Z,2024-06-12T17:19:22.276189513Z,2024-06-12T17:18:30Z,0,usage_iowait,cpu,cpu-total,cloud2lennart
,,43,2024-06-12T17:18:22Z,2024-06-12T17:19:22.276189513Z,2024-06-12T17:18:40Z,0,usage_iowait,cpu,cpu-total,cloud2lennart
,,43,2024-06-12T17:18:22Z,2024-06-12T17:19:22.276189513Z,2024-06-12T17:18:50Z,0,usage_iowait,cpu,cpu-total,cloud2lennart
,,43,2024-06-12T17:18:22Z,2024-06-12T17:19:22.276189513Z,2024-06-12T17:19:00Z,1.544209215441208,usage_iowait,cpu,cpu-total,cloud2lennart
,,43,2024-06-12T17:18:22Z,2024-06-12T17:19:22.276189513Z,2024-06-12T17:19:10Z,0.0750750750751479,usage_iowait,cpu,cpu-total,cloud2lennart
,,44,2024-06-12T17:18:22Z,2024-06-12T17:19:22.276189513Z,2024-06-12T17:18:30Z,0,usage_irq,cpu,cpu-total,cloud2lennart
,,44,2024-06-12T17:18:22Z,2024-06-12T17:19:22.276189513Z,2024-06-12T17:18:40Z,0,usage_irq,cpu,cpu-total,cloud2lennart
,,44,2024-06-12T17:18:22Z,2024-06-12T17:19:22.276189513Z,2024-06-12T17:18:50Z,0,usage_irq,cpu,cpu-total,cloud2lennart
,,44,2024-06-12T17:18:22Z,2024-06-12T17:19:22.276189513Z,2024-06-12T17:19:00Z,0,usage_irq,cpu,cpu-total,cloud2lennart
,,44,2024-06-12T17:18:22Z,2024-06-12T17:19:22.276189513Z,2024-06-12T17:19:10Z,0,usage_irq,cpu,cpu-total,cloud2lennart
,,45,2024-06-12T17:18:22Z,2024-06-12T17:19:22.276189513Z,2024-06-12T17:18:30Z,0,usage_nice,cpu,cpu-total,cloud2lennart
,,45,2024-06-12T17:18:22Z,2024-06-12T17:19:22.276189513Z,2024-06-12T17:18:40Z,0,usage_nice,cpu,cpu-total,cloud2lennart
,,45,2024-06-12T17:18:22Z,2024-06-12T17:19:22.276189513Z,2024-06-12T17:18:50Z,0,usage_nice,cpu,cpu-total,cloud2lennart
,,45,2024-06-12T17:18:22Z,2024-06-12T17:19:22.276189513Z,2024-06-12T17:19:00Z,0,usage_nice,cpu,cpu-total,cloud2lennart
,,45,2024-06-12T17:18:22Z,2024-06-12T17:19:22.276189513Z,2024-06-12T17:19:10Z,0,usage_nice,cpu,cpu-total,cloud2lennart
,,46,2024-06-12T17:18:22Z,2024-06-12T17:19:22.276189513Z,2024-06-12T17:18:30Z,0,usage_softirq,cpu,cpu-total,cloud2lennart
,,46,2024-06-12T17:18:22Z,2024-06-12T17:19:22.276189513Z,2024-06-12T17:18:40Z,0.050000000001091394,usage_softirq,cpu,cpu-total,cloud2lennart
,,46,2024-06-12T17:18:22Z,2024-06-12T17:19:22.276189513Z,2024-06-12T17:18:50Z,0,usage_softirq,cpu,cpu-total,cloud2lennart
,,46,2024-06-12T17:18:22Z,2024-06-12T17:19:22.276189513Z,2024-06-12T17:19:00Z,0.12453300124571084,usage_softirq,cpu,cpu-total,cloud2lennart
,,46,2024-06-12T17:18:22Z,2024-06-12T17:19:22.276189513Z,2024-06-12T17:19:10Z,0.07507507507450778,usage_softirq,cpu,cpu-total,cloud2lennart
,,47,2024-06-12T17:18:22Z,2024-06-12T17:19:22.276189513Z,2024-06-12T17:18:30Z,0.15026296017998614,usage_steal,cpu,cpu-total,cloud2lennart
,,47,2024-06-12T17:18:22Z,2024-06-12T17:19:22.276189513Z,2024-06-12T17:18:40Z,0.4250000000001819,usage_steal,cpu,cpu-total,cloud2lennart
,,47,2024-06-12T17:18:22Z,2024-06-12T17:19:22.276189513Z,2024-06-12T17:18:50Z,0.42436345481622784,usage_steal,cpu,cpu-total,cloud2lennart
,,47,2024-06-12T17:18:22Z,2024-06-12T17:19:22.276189513Z,2024-06-12T17:19:00Z,1.8929016189284622,usage_steal,cpu,cpu-total,cloud2lennart
,,47,2024-06-12T17:18:22Z,2024-06-12T17:19:22.276189513Z,2024-06-12T17:19:10Z,0.40040040040040953,usage_steal,cpu,cpu-total,cloud2lennart
,,48,2024-06-12T17:18:22Z,2024-06-12T17:19:22.276189513Z,2024-06-12T17:18:30Z,0.5259203606282432,usage_system,cpu,cpu-total,cloud2lennart
,,48,2024-06-12T17:18:22Z,2024-06-12T17:19:22.276189513Z,2024-06-12T17:18:40Z,0.500000000001819,usage_system,cpu,cpu-total,cloud2lennart
,,48,2024-06-12T17:18:22Z,2024-06-12T17:19:22.276189513Z,2024-06-12T17:18:50Z,0.4493260109813541,usage_system,cpu,cpu-total,cloud2lennart
,,48,2024-06-12T17:18:22Z,2024-06-12T17:19:22.276189513Z,2024-06-12T17:19:00Z,6.15193026151637,usage_system,cpu,cpu-total,cloud2lennart
,,48,2024-06-12T17:18:22Z,2024-06-12T17:19:22.276189513Z,2024-06-12T17:19:10Z,0.7757757757775005,usage_system,cpu,cpu-total,cloud2lennart
,,49,2024-06-12T17:18:22Z,2024-06-12T17:19:22.276189513Z,2024-06-12T17:18:30Z,0.4007012271466297,usage_user,cpu,cpu-total,cloud2lennart
,,49,2024-06-12T17:18:22Z,2024-06-12T17:19:22.276189513Z,2024-06-12T17:18:40Z,0.5749999999989086,usage_user,cpu,cpu-total,cloud2lennart
,,49,2024-06-12T17:18:22Z,2024-06-12T17:19:22.276189513Z,2024-06-12T17:18:50Z,0.37443834248938085,usage_user,cpu,cpu-total,cloud2lennart
,,49,2024-06-12T17:18:22Z,2024-06-12T17:19:22.276189513Z,2024-06-12T17:19:00Z,20.174346201728138,usage_user,cpu,cpu-total,cloud2lennart
,,49,2024-06-12T17:18:22Z,2024-06-12T17:19:22.276189513Z,2024-06-12T17:19:10Z,1.1761761761801859,usage_user,cpu,cpu-total,cloud2lennart
,,50,2024-06-12T17:18:22Z,2024-06-12T17:19:22.276189513Z,2024-06-12T17:18:30Z,0,usage_guest,cpu,cpu-total,cloud3lennart
,,50,2024-06-12T17:18:22Z,2024-06-12T17:19:22.276189513Z,2024-06-12T17:18:40Z,0,usage_guest,cpu,cpu-total,cloud3lennart
,,50,2024-06-12T17:18:22Z,2024-06-12T17:19:22.276189513Z,2024-06-12T17:18:50Z,0,usage_guest,cpu,cpu-total,cloud3lennart
,,50,2024-06-12T17:18:22Z,2024-06-12T17:19:22.276189513Z,2024-06-12T17:19:00Z,0,usage_guest,cpu,cpu-total,cloud3lennart
,,50,2024-06-12T17:18:22Z,2024-06-12T17:19:22.276189513Z,2024-06-12T17:19:10Z,0,usage_guest,cpu,cpu-total,cloud3lennart
,,51,2024-06-12T17:18:22Z,2024-06-12T17:19:22.276189513Z,2024-06-12T17:18:30Z,0,usage_guest_nice,cpu,cpu-total,cloud3lennart
,,51,2024-06-12T17:18:22Z,2024-06-12T17:19:22.276189513Z,2024-06-12T17:18:40Z,0,usage_guest_nice,cpu,cpu-total,cloud3lennart
,,51,2024-06-12T17:18:22Z,2024-06-12T17:19:22.276189513Z,2024-06-12T17:18:50Z,0,usage_guest_nice,cpu,cpu-total,cloud3lennart
,,51,2024-06-12T17:18:22Z,2024-06-12T17:19:22.276189513Z,2024-06-12T17:19:00Z,0,usage_guest_nice,cpu,cpu-total,cloud3lennart
,,51,2024-06-12T17:18:22Z,2024-06-12T17:19:22.276189513Z,2024-06-12T17:19:10Z,0,usage_guest_nice,cpu,cpu-total,cloud3lennart
,,52,2024-06-12T17:18:22Z,2024-06-12T17:19:22.276189513Z,2024-06-12T17:18:30Z,98.87359199010274,usage_idle,cpu,cpu-total,cloud3lennart
,,52,2024-06-12T17:18:22Z,2024-06-12T17:19:22.276189513Z,2024-06-12T17:18:40Z,98.4742371185935,usage_idle,cpu,cpu-total,cloud3lennart
,,52,2024-06-12T17:18:22Z,2024-06-12T17:19:22.276189513Z,2024-06-12T17:18:50Z,98.30212234694025,usage_idle,cpu,cpu-total,cloud3lennart
,,52,2024-06-12T17:18:22Z,2024-06-12T17:19:22.276189513Z,2024-06-12T17:19:00Z,65.86752348009841,usage_idle,cpu,cpu-total,cloud3lennart
,,52,2024-06-12T17:18:22Z,2024-06-12T17:19:22.276189513Z,2024-06-12T17:19:10Z,97.49812359269278,usage_idle,cpu,cpu-total,cloud3lennart
,,53,2024-06-12T17:18:22Z,2024-06-12T17:19:22.276189513Z,2024-06-12T17:18:30Z,0,usage_iowait,cpu,cpu-total,cloud3lennart
,,53,2024-06-12T17:18:22Z,2024-06-12T17:19:22.276189513Z,2024-06-12T17:18:40Z,0,usage_iowait,cpu,cpu-total,cloud3lennart
,,53,2024-06-12T17:18:22Z,2024-06-12T17:19:22.276189513Z,2024-06-12T17:18:50Z,0,usage_iowait,cpu,cpu-total,cloud3lennart
,,53,2024-06-12T17:18:22Z,2024-06-12T17:19:22.276189513Z,2024-06-12T17:19:00Z,1.2852199703422862,usage_iowait,cpu,cpu-total,cloud3lennart
,,53,2024-06-12T17:18:22Z,2024-06-12T17:19:22.276189513Z,2024-06-12T17:19:10Z,0.05003752814617016,usage_iowait,cpu,cpu-total,cloud3lennart
,,54,2024-06-12T17:18:22Z,2024-06-12T17:19:22.276189513Z,2024-06-12T17:18:30Z,0,usage_irq,cpu,cpu-total,cloud3lennart
,,54,2024-06-12T17:18:22Z,2024-06-12T17:19:22.276189513Z,2024-06-12T17:18:40Z,0,usage_irq,cpu,cpu-total,cloud3lennart
,,54,2024-06-12T17:18:22Z,2024-06-12T17:19:22.276189513Z,2024-06-12T17:18:50Z,0,usage_irq,cpu,cpu-total,cloud3lennart
,,54,2024-06-12T17:18:22Z,2024-06-12T17:19:22.276189513Z,2024-06-12T17:19:00Z,0,usage_irq,cpu,cpu-total,cloud3lennart
,,54,2024-06-12T17:18:22Z,2024-06-12T17:19:22.276189513Z,2024-06-12T17:19:10Z,0,usage_irq,cpu,cpu-total,cloud3lennart
,,55,2024-06-12T17:18:22Z,2024-06-12T17:19:22.276189513Z,2024-06-12T17:18:30Z,0,usage_nice,cpu,cpu-total,cloud3lennart
,,55,2024-06-12T17:18:22Z,2024-06-12T17:19:22.276189513Z,2024-06-12T17:18:40Z,0,usage_nice,cpu,cpu-total,cloud3lennart
,,55,2024-06-12T17:18:22Z,2024-06-12T17:19:22.276189513Z,2024-06-12T17:18:50Z,0,usage_nice,cpu,cpu-total,cloud3lennart
,,55,2024-06-12T17:18:22Z,2024-06-12T17:19:22.276189513Z,2024-06-12T17:19:00Z,0,usage_nice,cpu,cpu-total,cloud3lennart
,,55,2024-06-12T17:18:22Z,2024-06-12T17:19:22.276189513Z,2024-06-12T17:19:10Z,0,usage_nice,cpu,cpu-total,cloud3lennart
,,56,2024-06-12T17:18:22Z,2024-06-12T17:19:22.276189513Z,2024-06-12T17:18:30Z,0.025031289111964793,usage_softirq,cpu,cpu-total,cloud3lennart
,,56,2024-06-12T17:18:22Z,2024-06-12T17:19:22.276189513Z,2024-06-12T17:18:40Z,0.050025012505093495,usage_softirq,cpu,cpu-total,cloud3lennart
,,56,2024-06-12T17:18:22Z,2024-06-12T17:19:22.276189513Z,2024-06-12T17:18:50Z,0.04993757802849764,usage_softirq,cpu,cpu-total,cloud3lennart
,,56,2024-06-12T17:18:22Z,2024-06-12T17:19:22.276189513Z,2024-06-12T17:19:00Z,0.34602076124455466,usage_softirq,cpu,cpu-total,cloud3lennart
,,56,2024-06-12T17:18:22Z,2024-06-12T17:19:22.276189513Z,2024-06-12T17:19:10Z,0.025018764073618385,usage_softirq,cpu,cpu-total,cloud3lennart
,,57,2024-06-12T17:18:22Z,2024-06-12T17:19:22.276189513Z,2024-06-12T17:18:30Z,0.15018773466837387,usage_steal,cpu,cpu-total,cloud3lennart
,,57,2024-06-12T17:18:22Z,2024-06-12T17:19:22.276189513Z,2024-06-12T17:18:40Z,0.22511255627860793,usage_steal,cpu,cpu-total,cloud3lennart
,,57,2024-06-12T17:18:22Z,2024-06-12T17:19:22.276189513Z,2024-06-12T17:18:50Z,0.4744069912605085,usage_steal,cpu,cpu-total,cloud3lennart
,,57,2024-06-12T17:18:22Z,2024-06-12T17:19:22.276189513Z,2024-06-12T17:19:00Z,2.2985664854194083,usage_steal,cpu,cpu-total,cloud3lennart
,,57,2024-06-12T17:18:22Z,2024-06-12T17:19:22.276189513Z,2024-06-12T17:19:10Z,0.4753565173885098,usage_steal,cpu,cpu-total,cloud3lennart
,,58,2024-06-12T17:18:22Z,2024-06-12T17:19:22.276189513Z,2024-06-12T17:18:30Z,0.5256570713398777,usage_system,cpu,cpu-total,cloud3lennart
,,58,2024-06-12T17:18:22Z,2024-06-12T17:19:22.276189513Z,2024-06-12T17:18:40Z,0.47523761881090004,usage_system,cpu,cpu-total,cloud3lennart
,,58,2024-06-12T17:18:22Z,2024-06-12T17:19:22.276189513Z,2024-06-12T17:18:50Z,0.4744069912593731,usage_system,cpu,cpu-total,cloud3lennart
,,58,2024-06-12T17:18:22Z,2024-06-12T17:19:22.276189513Z,2024-06-12T17:19:00Z,7.488877904109083,usage_system,cpu,cpu-total,cloud3lennart
,,58,2024-06-12T17:18:22Z,2024-06-12T17:19:22.276189513Z,2024-06-12T17:19:10Z,0.8506379784848216,usage_system,cpu,cpu-total,cloud3lennart
,,59,2024-06-12T17:18:22Z,2024-06-12T17:19:22.276189513Z,2024-06-12T17:18:30Z,0.425531914889742,usage_user,cpu,cpu-total,cloud3lennart
,,59,2024-06-12T17:18:22Z,2024-06-12T17:19:22.276189513Z,2024-06-12T17:18:40Z,0.775387693841461,usage_user,cpu,cpu-total,cloud3lennart
,,59,2024-06-12T17:18:22Z,2024-06-12T17:19:22.276189513Z,2024-06-12T17:18:50Z,0.6991260923807997,usage_user,cpu,cpu-total,cloud3lennart
,,59,2024-06-12T17:18:22Z,2024-06-12T17:19:22.276189513Z,2024-06-12T17:19:00Z,22.713791398939176,usage_user,cpu,cpu-total,cloud3lennart
,,59,2024-06-12T17:18:22Z,2024-06-12T17:19:22.276189513Z,2024-06-12T17:19:10Z,1.1008256192210055,usage_user,cpu,cpu-total,cloud3lennart
,,60,2024-06-12T17:18:22Z,2024-06-12T17:19:22.276189513Z,2024-06-12T17:18:30Z,0,usage_guest,cpu,cpu-total,cloud4lennart
,,60,2024-06-12T17:18:22Z,2024-06-12T17:19:22.276189513Z,2024-06-12T17:18:40Z,0,usage_guest,cpu,cpu-total,cloud4lennart
,,60,2024-06-12T17:18:22Z,2024-06-12T17:19:22.276189513Z,2024-06-12T17:18:50Z,0,usage_guest,cpu,cpu-total,cloud4lennart
,,60,2024-06-12T17:18:22Z,2024-06-12T17:19:22.276189513Z,2024-06-12T17:19:00Z,0,usage_guest,cpu,cpu-total,cloud4lennart
,,60,2024-06-12T17:18:22Z,2024-06-12T17:19:22.276189513Z,2024-06-12T17:19:10Z,0,usage_guest,cpu,cpu-total,cloud4lennart
,,60,2024-06-12T17:18:22Z,2024-06-12T17:19:22.276189513Z,2024-06-12T17:19:20Z,0,usage_guest,cpu,cpu-total,cloud4lennart
,,61,2024-06-12T17:18:22Z,2024-06-12T17:19:22.276189513Z,2024-06-12T17:18:30Z,0,usage_guest_nice,cpu,cpu-total,cloud4lennart
,,61,2024-06-12T17:18:22Z,2024-06-12T17:19:22.276189513Z,2024-06-12T17:18:40Z,0,usage_guest_nice,cpu,cpu-total,cloud4lennart
,,61,2024-06-12T17:18:22Z,2024-06-12T17:19:22.276189513Z,2024-06-12T17:18:50Z,0,usage_guest_nice,cpu,cpu-total,cloud4lennart
,,61,2024-06-12T17:18:22Z,2024-06-12T17:19:22.276189513Z,2024-06-12T17:19:00Z,0,usage_guest_nice,cpu,cpu-total,cloud4lennart
,,61,2024-06-12T17:18:22Z,2024-06-12T17:19:22.276189513Z,2024-06-12T17:19:10Z,0,usage_guest_nice,cpu,cpu-total,cloud4lennart
,,61,2024-06-12T17:18:22Z,2024-06-12T17:19:22.276189513Z,2024-06-12T17:19:20Z,0,usage_guest_nice,cpu,cpu-total,cloud4lennart
,,62,2024-06-12T17:18:22Z,2024-06-12T17:19:22.276189513Z,2024-06-12T17:18:30Z,98.77438719361952,usage_idle,cpu,cpu-total,cloud4lennart
,,62,2024-06-12T17:18:22Z,2024-06-12T17:19:22.276189513Z,2024-06-12T17:18:40Z,98.42735896154824,usage_idle,cpu,cpu-total,cloud4lennart
,,62,2024-06-12T17:18:22Z,2024-06-12T17:19:22.276189513Z,2024-06-12T17:18:50Z,98.82500000006985,usage_idle,cpu,cpu-total,cloud4lennart
,,62,2024-06-12T17:18:22Z,2024-06-12T17:19:22.276189513Z,2024-06-12T17:19:00Z,67.67575681748576,usage_idle,cpu,cpu-total,cloud4lennart
,,62,2024-06-12T17:18:22Z,2024-06-12T17:19:22.276189513Z,2024-06-12T17:19:10Z,97.52932368357386,usage_idle,cpu,cpu-total,cloud4lennart
,,62,2024-06-12T17:18:22Z,2024-06-12T17:19:22.276189513Z,2024-06-12T17:19:20Z,98.75031242189482,usage_idle,cpu,cpu-total,cloud4lennart
,,63,2024-06-12T17:18:22Z,2024-06-12T17:19:22.276189513Z,2024-06-12T17:18:30Z,0,usage_iowait,cpu,cpu-total,cloud4lennart
,,63,2024-06-12T17:18:22Z,2024-06-12T17:19:22.276189513Z,2024-06-12T17:18:40Z,0,usage_iowait,cpu,cpu-total,cloud4lennart
,,63,2024-06-12T17:18:22Z,2024-06-12T17:19:22.276189513Z,2024-06-12T17:18:50Z,0,usage_iowait,cpu,cpu-total,cloud4lennart
,,63,2024-06-12T17:18:22Z,2024-06-12T17:19:22.276189513Z,2024-06-12T17:19:00Z,1.3760320240188617,usage_iowait,cpu,cpu-total,cloud4lennart
,,63,2024-06-12T17:18:22Z,2024-06-12T17:19:22.276189513Z,2024-06-12T17:19:10Z,0.049912652857801505,usage_iowait,cpu,cpu-total,cloud4lennart
,,63,2024-06-12T17:18:22Z,2024-06-12T17:19:22.276189513Z,2024-06-12T17:19:20Z,0.02499375156208092,usage_iowait,cpu,cpu-total,cloud4lennart
,,64,2024-06-12T17:18:22Z,2024-06-12T17:19:22.276189513Z,2024-06-12T17:18:30Z,0,usage_irq,cpu,cpu-total,cloud4lennart
,,64,2024-06-12T17:18:22Z,2024-06-12T17:19:22.276189513Z,2024-06-12T17:18:40Z,0,usage_irq,cpu,cpu-total,cloud4lennart
,,64,2024-06-12T17:18:22Z,2024-06-12T17:19:22.276189513Z,2024-06-12T17:18:50Z,0,usage_irq,cpu,cpu-total,cloud4lennart
,,64,2024-06-12T17:18:22Z,2024-06-12T17:19:22.276189513Z,2024-06-12T17:19:00Z,0,usage_irq,cpu,cpu-total,cloud4lennart
,,64,2024-06-12T17:18:22Z,2024-06-12T17:19:22.276189513Z,2024-06-12T17:19:10Z,0,usage_irq,cpu,cpu-total,cloud4lennart
,,64,2024-06-12T17:18:22Z,2024-06-12T17:19:22.276189513Z,2024-06-12T17:19:20Z,0,usage_irq,cpu,cpu-total,cloud4lennart
,,65,2024-06-12T17:18:22Z,2024-06-12T17:19:22.276189513Z,2024-06-12T17:18:30Z,0,usage_nice,cpu,cpu-total,cloud4lennart
,,65,2024-06-12T17:18:22Z,2024-06-12T17:19:22.276189513Z,2024-06-12T17:18:40Z,0,usage_nice,cpu,cpu-total,cloud4lennart
,,65,2024-06-12T17:18:22Z,2024-06-12T17:19:22.276189513Z,2024-06-12T17:18:50Z,0,usage_nice,cpu,cpu-total,cloud4lennart
,,65,2024-06-12T17:18:22Z,2024-06-12T17:19:22.276189513Z,2024-06-12T17:19:00Z,0,usage_nice,cpu,cpu-total,cloud4lennart
,,65,2024-06-12T17:18:22Z,2024-06-12T17:19:22.276189513Z,2024-06-12T17:19:10Z,0,usage_nice,cpu,cpu-total,cloud4lennart
,,65,2024-06-12T17:18:22Z,2024-06-12T17:19:22.276189513Z,2024-06-12T17:19:20Z,0,usage_nice,cpu,cpu-total,cloud4lennart
,,66,2024-06-12T17:18:22Z,2024-06-12T17:19:22.276189513Z,2024-06-12T17:18:30Z,0.025012506253684185,usage_softirq,cpu,cpu-total,cloud4lennart
,,66,2024-06-12T17:18:22Z,2024-06-12T17:19:22.276189513Z,2024-06-12T17:18:40Z,0.024962556166261432,usage_softirq,cpu,cpu-total,cloud4lennart
,,66,2024-06-12T17:18:22Z,2024-06-12T17:19:22.276189513Z,2024-06-12T17:18:50Z,0.024999999995998223,usage_softirq,cpu,cpu-total,cloud4lennart
,,66,2024-06-12T17:18:22Z,2024-06-12T17:19:22.276189513Z,2024-06-12T17:19:00Z,0.1751313485153287,usage_softirq,cpu,cpu-total,cloud4lennart
,,66,2024-06-12T17:18:22Z,2024-06-12T17:19:22.276189513Z,2024-06-12T17:19:10Z,0.049912652854113136,usage_softirq,cpu,cpu-total,cloud4lennart
,,66,2024-06-12T17:18:22Z,2024-06-12T17:19:22.276189513Z,2024-06-12T17:19:20Z,0,usage_softirq,cpu,cpu-total,cloud4lennart
,,67,2024-06-12T17:18:22Z,2024-06-12T17:19:22.276189513Z,2024-06-12T17:18:30Z,0.1500750375186928,usage_steal,cpu,cpu-total,cloud4lennart
,,67,2024-06-12T17:18:22Z,2024-06-12T17:19:22.276189513Z,2024-06-12T17:18:40Z,0.37443834248597535,usage_steal,cpu,cpu-total,cloud4lennart
,,67,2024-06-12T17:18:22Z,2024-06-12T17:19:22.276189513Z,2024-06-12T17:18:50Z,0.1749999999992724,usage_steal,cpu,cpu-total,cloud4lennart
,,67,2024-06-12T17:18:22Z,2024-06-12T17:19:22.276189513Z,2024-06-12T17:19:00Z,2.476857643234747,usage_steal,cpu,cpu-total,cloud4lennart
,,67,2024-06-12T17:18:22Z,2024-06-12T17:19:22.276189513Z,2024-06-12T17:19:10Z,0.49912652857517786,usage_steal,cpu,cpu-total,cloud4lennart
,,67,2024-06-12T17:18:22Z,2024-06-12T17:19:22.276189513Z,2024-06-12T17:19:20Z,0.27493126718345845,usage_steal,cpu,cpu-total,cloud4lennart
,,68,2024-06-12T17:18:22Z,2024-06-12T17:19:22.276189513Z,2024-06-12T17:18:30Z,0.4252126063012568,usage_system,cpu,cpu-total,cloud4lennart
,,68,2024-06-12T17:18:22Z,2024-06-12T17:19:22.276189513Z,2024-06-12T17:18:40Z,0.42436345481736304,usage_system,cpu,cpu-total,cloud4lennart
,,68,2024-06-12T17:18:22Z,2024-06-12T17:19:22.276189513Z,2024-06-12T17:18:50Z,0.4500000000007276,usage_system,cpu,cpu-total,cloud4lennart
,,68,2024-06-12T17:18:22Z,2024-06-12T17:19:22.276189513Z,2024-06-12T17:19:00Z,5.253940455346089,usage_system,cpu,cpu-total,cloud4lennart
,,68,2024-06-12T17:18:22Z,2024-06-12T17:19:22.276189513Z,2024-06-12T17:19:10Z,0.748689792861632,usage_system,cpu,cpu-total,cloud4lennart
,,68,2024-06-12T17:18:22Z,2024-06-12T17:19:22.276189513Z,2024-06-12T17:19:20Z,0.5498625343669169,usage_system,cpu,cpu-total,cloud4lennart
,,69,2024-06-12T17:18:22Z,2024-06-12T17:19:22.276189513Z,2024-06-12T17:18:30Z,0.6253126563284555,usage_user,cpu,cpu-total,cloud4lennart
,,69,2024-06-12T17:18:22Z,2024-06-12T17:19:22.276189513Z,2024-06-12T17:18:40Z,0.748876684960599,usage_user,cpu,cpu-total,cloud4lennart
,,69,2024-06-12T17:18:22Z,2024-06-12T17:19:22.276189513Z,2024-06-12T17:18:50Z,0.5249999999978172,usage_user,cpu,cpu-total,cloud4lennart
,,69,2024-06-12T17:18:22Z,2024-06-12T17:19:22.276189513Z,2024-06-12T17:19:00Z,23.042281711297385,usage_user,cpu,cpu-total,cloud4lennart
,,69,2024-06-12T17:18:22Z,2024-06-12T17:19:22.276189513Z,2024-06-12T17:19:10Z,1.1230346893060665,usage_user,cpu,cpu-total,cloud4lennart
,,69,2024-06-12T17:18:22Z,2024-06-12T17:19:22.276189513Z,2024-06-12T17:19:20Z,0.3999000249842021,usage_user,cpu,cpu-total,cloud4lennart
,,70,2024-06-12T17:18:22Z,2024-06-12T17:19:22.276189513Z,2024-06-12T17:18:30Z,0,usage_guest,cpu,cpu-total,cloud5lennart
,,70,2024-06-12T17:18:22Z,2024-06-12T17:19:22.276189513Z,2024-06-12T17:18:40Z,0,usage_guest,cpu,cpu-total,cloud5lennart
,,70,2024-06-12T17:18:22Z,2024-06-12T17:19:22.276189513Z,2024-06-12T17:18:50Z,0,usage_guest,cpu,cpu-total,cloud5lennart
,,70,2024-06-12T17:18:22Z,2024-06-12T17:19:22.276189513Z,2024-06-12T17:19:00Z,0,usage_guest,cpu,cpu-total,cloud5lennart
,,70,2024-06-12T17:18:22Z,2024-06-12T17:19:22.276189513Z,2024-06-12T17:19:10Z,0,usage_guest,cpu,cpu-total,cloud5lennart
,,70,2024-06-12T17:18:22Z,2024-06-12T17:19:22.276189513Z,2024-06-12T17:19:20Z,0,usage_guest,cpu,cpu-total,cloud5lennart
,,71,2024-06-12T17:18:22Z,2024-06-12T17:19:22.276189513Z,2024-06-12T17:18:30Z,0,usage_guest_nice,cpu,cpu-total,cloud5lennart
,,71,2024-06-12T17:18:22Z,2024-06-12T17:19:22.276189513Z,2024-06-12T17:18:40Z,0,usage_guest_nice,cpu,cpu-total,cloud5lennart
,,71,2024-06-12T17:18:22Z,2024-06-12T17:19:22.276189513Z,2024-06-12T17:18:50Z,0,usage_guest_nice,cpu,cpu-total,cloud5lennart
,,71,2024-06-12T17:18:22Z,2024-06-12T17:19:22.276189513Z,2024-06-12T17:19:00Z,0,usage_guest_nice,cpu,cpu-total,cloud5lennart
,,71,2024-06-12T17:18:22Z,2024-06-12T17:19:22.276189513Z,2024-06-12T17:19:10Z,0,usage_guest_nice,cpu,cpu-total,cloud5lennart
,,71,2024-06-12T17:18:22Z,2024-06-12T17:19:22.276189513Z,2024-06-12T17:19:20Z,0,usage_guest_nice,cpu,cpu-total,cloud5lennart
,,72,2024-06-12T17:18:22Z,2024-06-12T17:19:22.276189513Z,2024-06-12T17:18:30Z,98.92419314472974,usage_idle,cpu,cpu-total,cloud5lennart
,,72,2024-06-12T17:18:22Z,2024-06-12T17:19:22.276189513Z,2024-06-12T17:18:40Z,98.67500000021734,usage_idle,cpu,cpu-total,cloud5lennart
,,72,2024-06-12T17:18:22Z,2024-06-12T17:19:22.276189513Z,2024-06-12T17:18:50Z,98.62499999988759,usage_idle,cpu,cpu-total,cloud5lennart
,,72,2024-06-12T17:18:22Z,2024-06-12T17:19:22.276189513Z,2024-06-12T17:19:00Z,66.93246947416624,usage_idle,cpu,cpu-total,cloud5lennart
,,72,2024-06-12T17:18:22Z,2024-06-12T17:19:22.276189513Z,2024-06-12T17:19:10Z,97.62737262748423,usage_idle,cpu,cpu-total,cloud5lennart
,,72,2024-06-12T17:18:22Z,2024-06-12T17:19:22.276189513Z,2024-06-12T17:19:20Z,98.65067466257621,usage_idle,cpu,cpu-total,cloud5lennart
,,73,2024-06-12T17:18:22Z,2024-06-12T17:19:22.276189513Z,2024-06-12T17:18:30Z,0,usage_iowait,cpu,cpu-total,cloud5lennart
,,73,2024-06-12T17:18:22Z,2024-06-12T17:19:22.276189513Z,2024-06-12T17:18:40Z,0,usage_iowait,cpu,cpu-total,cloud5lennart
,,73,2024-06-12T17:18:22Z,2024-06-12T17:19:22.276189513Z,2024-06-12T17:18:50Z,0,usage_iowait,cpu,cpu-total,cloud5lennart
,,73,2024-06-12T17:18:22Z,2024-06-12T17:19:22.276189513Z,2024-06-12T17:19:00Z,1.8689259905305582,usage_iowait,cpu,cpu-total,cloud5lennart
,,73,2024-06-12T17:18:22Z,2024-06-12T17:19:22.276189513Z,2024-06-12T17:19:10Z,0.12487512487540016,usage_iowait,cpu,cpu-total,cloud5lennart
,,73,2024-06-12T17:18:22Z,2024-06-12T17:19:22.276189513Z,2024-06-12T17:19:20Z,0,usage_iowait,cpu,cpu-total,cloud5lennart
,,74,2024-06-12T17:18:22Z,2024-06-12T17:19:22.276189513Z,2024-06-12T17:18:30Z,0,usage_irq,cpu,cpu-total,cloud5lennart
,,74,2024-06-12T17:18:22Z,2024-06-12T17:19:22.276189513Z,2024-06-12T17:18:40Z,0,usage_irq,cpu,cpu-total,cloud5lennart
,,74,2024-06-12T17:18:22Z,2024-06-12T17:19:22.276189513Z,2024-06-12T17:18:50Z,0,usage_irq,cpu,cpu-total,cloud5lennart
,,74,2024-06-12T17:18:22Z,2024-06-12T17:19:22.276189513Z,2024-06-12T17:19:00Z,0,usage_irq,cpu,cpu-total,cloud5lennart
,,74,2024-06-12T17:18:22Z,2024-06-12T17:19:22.276189513Z,2024-06-12T17:19:10Z,0,usage_irq,cpu,cpu-total,cloud5lennart
,,74,2024-06-12T17:18:22Z,2024-06-12T17:19:22.276189513Z,2024-06-12T17:19:20Z,0,usage_irq,cpu,cpu-total,cloud5lennart
,,75,2024-06-12T17:18:22Z,2024-06-12T17:19:22.276189513Z,2024-06-12T17:18:30Z,0,usage_nice,cpu,cpu-total,cloud5lennart
,,75,2024-06-12T17:18:22Z,2024-06-12T17:19:22.276189513Z,2024-06-12T17:18:40Z,0,usage_nice,cpu,cpu-total,cloud5lennart
,,75,2024-06-12T17:18:22Z,2024-06-12T17:19:22.276189513Z,2024-06-12T17:18:50Z,0,usage_nice,cpu,cpu-total,cloud5lennart
,,75,2024-06-12T17:18:22Z,2024-06-12T17:19:22.276189513Z,2024-06-12T17:19:00Z,0,usage_nice,cpu,cpu-total,cloud5lennart
,,75,2024-06-12T17:18:22Z,2024-06-12T17:19:22.276189513Z,2024-06-12T17:19:10Z,0,usage_nice,cpu,cpu-total,cloud5lennart
,,75,2024-06-12T17:18:22Z,2024-06-12T17:19:22.276189513Z,2024-06-12T17:19:20Z,0,usage_nice,cpu,cpu-total,cloud5lennart
,,76,2024-06-12T17:18:22Z,2024-06-12T17:19:22.276189513Z,2024-06-12T17:18:30Z,0.025018764073618385,usage_softirq,cpu,cpu-total,cloud5lennart
,,76,2024-06-12T17:18:22Z,2024-06-12T17:19:22.276189513Z,2024-06-12T17:18:40Z,0,usage_softirq,cpu,cpu-total,cloud5lennart
,,76,2024-06-12T17:18:22Z,2024-06-12T17:19:22.276189513Z,2024-06-12T17:18:50Z,0.025000000000472936,usage_softirq,cpu,cpu-total,cloud5lennart
,,76,2024-06-12T17:18:22Z,2024-06-12T17:19:22.276189513Z,2024-06-12T17:19:00Z,0.1495140792411755,usage_softirq,cpu,cpu-total,cloud5lennart
,,76,2024-06-12T17:18:22Z,2024-06-12T17:19:22.276189513Z,2024-06-12T17:19:10Z,0.04995004995123901,usage_softirq,cpu,cpu-total,cloud5lennart
,,76,2024-06-12T17:18:22Z,2024-06-12T17:19:22.276189513Z,2024-06-12T17:19:20Z,0.024987506245137757,usage_softirq,cpu,cpu-total,cloud5lennart
,,77,2024-06-12T17:18:22Z,2024-06-12T17:19:22.276189513Z,2024-06-12T17:18:30Z,0.2501876407310641,usage_steal,cpu,cpu-total,cloud5lennart
,,77,2024-06-12T17:18:22Z,2024-06-12T17:19:22.276189513Z,2024-06-12T17:18:40Z,0.4000000000008004,usage_steal,cpu,cpu-total,cloud5lennart
,,77,2024-06-12T17:18:22Z,2024-06-12T17:19:22.276189513Z,2024-06-12T17:18:50Z,0.24999999999961348,usage_steal,cpu,cpu-total,cloud5lennart
,,77,2024-06-12T17:18:22Z,2024-06-12T17:19:22.276189513Z,2024-06-12T17:19:00Z,2.8158484923990796,usage_steal,cpu,cpu-total,cloud5lennart
,,77,2024-06-12T17:18:22Z,2024-06-12T17:19:22.276189513Z,2024-06-12T17:19:10Z,0.37462537462634243,usage_steal,cpu,cpu-total,cloud5lennart
,,77,2024-06-12T17:18:22Z,2024-06-12T17:19:22.276189513Z,2024-06-12T17:19:20Z,0.24987506246842206,usage_steal,cpu,cpu-total,cloud5lennart
,,78,2024-06-12T17:18:22Z,2024-06-12T17:19:22.276189513Z,2024-06-12T17:18:30Z,0.35026269702383106,usage_system,cpu,cpu-total,cloud5lennart
,,78,2024-06-12T17:18:22Z,2024-06-12T17:19:22.276189513Z,2024-06-12T17:18:40Z,0.4250000000014188,usage_system,cpu,cpu-total,cloud5lennart
,,78,2024-06-12T17:18:22Z,2024-06-12T17:19:22.276189513Z,2024-06-12T17:18:50Z,0.3499999999975262,usage_system,cpu,cpu-total,cloud5lennart
,,78,2024-06-12T17:18:22Z,2024-06-12T17:19:22.276189513Z,2024-06-12T17:19:00Z,5.332668826314675,usage_system,cpu,cpu-total,cloud5lennart
,,78,2024-06-12T17:18:22Z,2024-06-12T17:19:22.276189513Z,2024-06-12T17:19:10Z,0.8491508491528914,usage_system,cpu,cpu-total,cloud5lennart
,,78,2024-06-12T17:18:22Z,2024-06-12T17:19:22.276189513Z,2024-06-12T17:19:20Z,0.29985007496210647,usage_system,cpu,cpu-total,cloud5lennart
,,79,2024-06-12T17:18:22Z,2024-06-12T17:19:22.276189513Z,2024-06-12T17:18:30Z,0.45033775331602915,usage_user,cpu,cpu-total,cloud5lennart
,,79,2024-06-12T17:18:22Z,2024-06-12T17:19:22.276189513Z,2024-06-12T17:18:40Z,0.4999999999941792,usage_user,cpu,cpu-total,cloud5lennart
,,79,2024-06-12T17:18:22Z,2024-06-12T17:19:22.276189513Z,2024-06-12T17:18:50Z,0.7500000000050931,usage_user,cpu,cpu-total,cloud5lennart
,,79,2024-06-12T17:18:22Z,2024-06-12T17:19:22.276189513Z,2024-06-12T17:19:00Z,22.900573137288777,usage_user,cpu,cpu-total,cloud5lennart
,,79,2024-06-12T17:18:22Z,2024-06-12T17:19:22.276189513Z,2024-06-12T17:19:10Z,0.974025974026446,usage_user,cpu,cpu-total,cloud5lennart
,,79,2024-06-12T17:18:22Z,2024-06-12T17:19:22.276189513Z,2024-06-12T17:19:20Z,0.7746126936651758,usage_user,cpu,cpu-total,cloud5lennart
,,80,2024-06-12T17:18:22Z,2024-06-12T17:19:22.276189513Z,2024-06-12T17:18:30Z,0,usage_guest,cpu,cpu-total,cloud6lennart
,,80,2024-06-12T17:18:22Z,2024-06-12T17:19:22.276189513Z,2024-06-12T17:18:40Z,0,usage_guest,cpu,cpu-total,cloud6lennart
,,80,2024-06-12T17:18:22Z,2024-06-12T17:19:22.276189513Z,2024-06-12T17:18:50Z,0,usage_guest,cpu,cpu-total,cloud6lennart
,,80,2024-06-12T17:18:22Z,2024-06-12T17:19:22.276189513Z,2024-06-12T17:19:00Z,0,usage_guest,cpu,cpu-total,cloud6lennart
,,80,2024-06-12T17:18:22Z,2024-06-12T17:19:22.276189513Z,2024-06-12T17:19:10Z,0,usage_guest,cpu,cpu-total,cloud6lennart
,,80,2024-06-12T17:18:22Z,2024-06-12T17:19:22.276189513Z,2024-06-12T17:19:20Z,0,usage_guest,cpu,cpu-total,cloud6lennart
,,81,2024-06-12T17:18:22Z,2024-06-12T17:19:22.276189513Z,2024-06-12T17:18:30Z,0,usage_guest_nice,cpu,cpu-total,cloud6lennart
,,81,2024-06-12T17:18:22Z,2024-06-12T17:19:22.276189513Z,2024-06-12T17:18:40Z,0,usage_guest_nice,cpu,cpu-total,cloud6lennart
,,81,2024-06-12T17:18:22Z,2024-06-12T17:19:22.276189513Z,2024-06-12T17:18:50Z,0,usage_guest_nice,cpu,cpu-total,cloud6lennart
,,81,2024-06-12T17:18:22Z,2024-06-12T17:19:22.276189513Z,2024-06-12T17:19:00Z,0,usage_guest_nice,cpu,cpu-total,cloud6lennart
,,81,2024-06-12T17:18:22Z,2024-06-12T17:19:22.276189513Z,2024-06-12T17:19:10Z,0,usage_guest_nice,cpu,cpu-total,cloud6lennart
,,81,2024-06-12T17:18:22Z,2024-06-12T17:19:22.276189513Z,2024-06-12T17:19:20Z,0,usage_guest_nice,cpu,cpu-total,cloud6lennart
,,82,2024-06-12T17:18:22Z,2024-06-12T17:19:22.276189513Z,2024-06-12T17:18:30Z,98.60104921323831,usage_idle,cpu,cpu-total,cloud6lennart
,,82,2024-06-12T17:18:22Z,2024-06-12T17:19:22.276189513Z,2024-06-12T17:18:40Z,98.32583708135533,usage_idle,cpu,cpu-total,cloud6lennart
,,82,2024-06-12T17:18:22Z,2024-06-12T17:19:22.276189513Z,2024-06-12T17:18:50Z,98.20089955029555,usage_idle,cpu,cpu-total,cloud6lennart
,,82,2024-06-12T17:18:22Z,2024-06-12T17:19:22.276189513Z,2024-06-12T17:19:00Z,63.729151107667434,usage_idle,cpu,cpu-total,cloud6lennart
,,82,2024-06-12T17:18:22Z,2024-06-12T17:19:22.276189513Z,2024-06-12T17:19:10Z,98.27586206910595,usage_idle,cpu,cpu-total,cloud6lennart
,,82,2024-06-12T17:18:22Z,2024-06-12T17:19:22.276189513Z,2024-06-12T17:19:20Z,98.4742371185935,usage_idle,cpu,cpu-total,cloud6lennart
,,83,2024-06-12T17:18:22Z,2024-06-12T17:19:22.276189513Z,2024-06-12T17:18:30Z,0,usage_iowait,cpu,cpu-total,cloud6lennart
,,83,2024-06-12T17:18:22Z,2024-06-12T17:19:22.276189513Z,2024-06-12T17:18:40Z,0,usage_iowait,cpu,cpu-total,cloud6lennart
,,83,2024-06-12T17:18:22Z,2024-06-12T17:19:22.276189513Z,2024-06-12T17:18:50Z,0.09995002498736882,usage_iowait,cpu,cpu-total,cloud6lennart
,,83,2024-06-12T17:18:22Z,2024-06-12T17:19:22.276189513Z,2024-06-12T17:19:00Z,2.116006970373751,usage_iowait,cpu,cpu-total,cloud6lennart
,,83,2024-06-12T17:18:22Z,2024-06-12T17:19:22.276189513Z,2024-06-12T17:19:10Z,0.024987506246842206,usage_iowait,cpu,cpu-total,cloud6lennart
,,83,2024-06-12T17:18:22Z,2024-06-12T17:19:22.276189513Z,2024-06-12T17:19:20Z,0,usage_iowait,cpu,cpu-total,cloud6lennart
,,84,2024-06-12T17:18:22Z,2024-06-12T17:19:22.276189513Z,2024-06-12T17:18:30Z,0,usage_irq,cpu,cpu-total,cloud6lennart
,,84,2024-06-12T17:18:22Z,2024-06-12T17:19:22.276189513Z,2024-06-12T17:18:40Z,0,usage_irq,cpu,cpu-total,cloud6lennart
,,84,2024-06-12T17:18:22Z,2024-06-12T17:19:22.276189513Z,2024-06-12T17:18:50Z,0,usage_irq,cpu,cpu-total,cloud6lennart
,,84,2024-06-12T17:18:22Z,2024-06-12T17:19:22.276189513Z,2024-06-12T17:19:00Z,0,usage_irq,cpu,cpu-total,cloud6lennart
,,84,2024-06-12T17:18:22Z,2024-06-12T17:19:22.276189513Z,2024-06-12T17:19:10Z,0,usage_irq,cpu,cpu-total,cloud6lennart
,,84,2024-06-12T17:18:22Z,2024-06-12T17:19:22.276189513Z,2024-06-12T17:19:20Z,0,usage_irq,cpu,cpu-total,cloud6lennart
,,85,2024-06-12T17:18:22Z,2024-06-12T17:19:22.276189513Z,2024-06-12T17:18:30Z,0,usage_nice,cpu,cpu-total,cloud6lennart
,,85,2024-06-12T17:18:22Z,2024-06-12T17:19:22.276189513Z,2024-06-12T17:18:40Z,0,usage_nice,cpu,cpu-total,cloud6lennart
,,85,2024-06-12T17:18:22Z,2024-06-12T17:19:22.276189513Z,2024-06-12T17:18:50Z,0,usage_nice,cpu,cpu-total,cloud6lennart
,,85,2024-06-12T17:18:22Z,2024-06-12T17:19:22.276189513Z,2024-06-12T17:19:00Z,0,usage_nice,cpu,cpu-total,cloud6lennart
,,85,2024-06-12T17:18:22Z,2024-06-12T17:19:22.276189513Z,2024-06-12T17:19:10Z,0,usage_nice,cpu,cpu-total,cloud6lennart
,,85,2024-06-12T17:18:22Z,2024-06-12T17:19:22.276189513Z,2024-06-12T17:19:20Z,0,usage_nice,cpu,cpu-total,cloud6lennart
,,86,2024-06-12T17:18:22Z,2024-06-12T17:19:22.276189513Z,2024-06-12T17:18:30Z,0,usage_softirq,cpu,cpu-total,cloud6lennart
,,86,2024-06-12T17:18:22Z,2024-06-12T17:19:22.276189513Z,2024-06-12T17:18:40Z,0.024987506247410356,usage_softirq,cpu,cpu-total,cloud6lennart
,,86,2024-06-12T17:18:22Z,2024-06-12T17:19:22.276189513Z,2024-06-12T17:18:50Z,0.024987506247410356,usage_softirq,cpu,cpu-total,cloud6lennart
,,86,2024-06-12T17:18:22Z,2024-06-12T17:19:22.276189513Z,2024-06-12T17:19:00Z,0.2987303958194552,usage_softirq,cpu,cpu-total,cloud6lennart
,,86,2024-06-12T17:18:22Z,2024-06-12T17:19:22.276189513Z,2024-06-12T17:19:10Z,0.07496251873768586,usage_softirq,cpu,cpu-total,cloud6lennart
,,86,2024-06-12T17:18:22Z,2024-06-12T17:19:22.276189513Z,2024-06-12T17:19:20Z,0,usage_softirq,cpu,cpu-total,cloud6lennart
,,87,2024-06-12T17:18:22Z,2024-06-12T17:19:22.276189513Z,2024-06-12T17:18:30Z,0.3247564326764838,usage_steal,cpu,cpu-total,cloud6lennart
,,87,2024-06-12T17:18:22Z,2024-06-12T17:19:22.276189513Z,2024-06-12T17:18:40Z,0.47476261869057007,usage_steal,cpu,cpu-total,cloud6lennart
,,87,2024-06-12T17:18:22Z,2024-06-12T17:19:22.276189513Z,2024-06-12T17:18:50Z,0.37481259370320125,usage_steal,cpu,cpu-total,cloud6lennart
,,87,2024-06-12T17:18:22Z,2024-06-12T17:19:22.276189513Z,2024-06-12T17:19:00Z,2.93751555887131,usage_steal,cpu,cpu-total,cloud6lennart
,,87,2024-06-12T17:18:22Z,2024-06-12T17:19:22.276189513Z,2024-06-12T17:19:10Z,0.37481259370320125,usage_steal,cpu,cpu-total,cloud6lennart
,,87,2024-06-12T17:18:22Z,2024-06-12T17:19:22.276189513Z,2024-06-12T17:19:20Z,0.40020010004984746,usage_steal,cpu,cpu-total,cloud6lennart
,,88,2024-06-12T17:18:22Z,2024-06-12T17:19:22.276189513Z,2024-06-12T17:18:30Z,0.4996252810421425,usage_system,cpu,cpu-total,cloud6lennart
,,88,2024-06-12T17:18:22Z,2024-06-12T17:19:22.276189513Z,2024-06-12T17:18:40Z,0.4747626186917064,usage_system,cpu,cpu-total,cloud6lennart
,,88,2024-06-12T17:18:22Z,2024-06-12T17:19:22.276189513Z,2024-06-12T17:18:50Z,0.5247376311819819,usage_system,cpu,cpu-total,cloud6lennart
,,88,2024-06-12T17:18:22Z,2024-06-12T17:19:22.276189513Z,2024-06-12T17:19:00Z,6.298232511819804,usage_system,cpu,cpu-total,cloud6lennart
,,88,2024-06-12T17:18:22Z,2024-06-12T17:19:22.276189513Z,2024-06-12T17:19:10Z,0.5997001499242129,usage_system,cpu,cpu-total,cloud6lennart
,,88,2024-06-12T17:18:22Z,2024-06-12T17:19:22.276189513Z,2024-06-12T17:19:20Z,0.4252126063035317,usage_system,cpu,cpu-total,cloud6lennart
,,89,2024-06-12T17:18:22Z,2024-06-12T17:19:22.276189513Z,2024-06-12T17:18:30Z,0.5745690731861949,usage_user,cpu,cpu-total,cloud6lennart
,,89,2024-06-12T17:18:22Z,2024-06-12T17:19:22.276189513Z,2024-06-12T17:18:40Z,0.6996501749093091,usage_user,cpu,cpu-total,cloud6lennart
,,89,2024-06-12T17:18:22Z,2024-06-12T17:19:22.276189513Z,2024-06-12T17:18:50Z,0.7746126936651758,usage_user,cpu,cpu-total,cloud6lennart
,,89,2024-06-12T17:18:22Z,2024-06-12T17:19:22.276189513Z,2024-06-12T17:19:00Z,24.620363455287777,usage_user,cpu,cpu-total,cloud6lennart
,,89,2024-06-12T17:18:22Z,2024-06-12T17:19:22.276189513Z,2024-06-12T17:19:10Z,0.649675162405398,usage_user,cpu,cpu-total,cloud6lennart
,,89,2024-06-12T17:18:22Z,2024-06-12T17:19:22.276189513Z,2024-06-12T17:19:20Z,0.7003501751031572,usage_user,cpu,cpu-total,cloud6lennart
,,90,2024-06-12T17:18:22Z,2024-06-12T17:19:22.276189513Z,2024-06-12T17:18:30Z,0,usage_guest,cpu,cpu-total,cloud7lennart
,,90,2024-06-12T17:18:22Z,2024-06-12T17:19:22.276189513Z,2024-06-12T17:18:40Z,0,usage_guest,cpu,cpu-total,cloud7lennart
,,90,2024-06-12T17:18:22Z,2024-06-12T17:19:22.276189513Z,2024-06-12T17:18:50Z,0,usage_guest,cpu,cpu-total,cloud7lennart
,,90,2024-06-12T17:18:22Z,2024-06-12T17:19:22.276189513Z,2024-06-12T17:19:00Z,0,usage_guest,cpu,cpu-total,cloud7lennart
,,90,2024-06-12T17:18:22Z,2024-06-12T17:19:22.276189513Z,2024-06-12T17:19:10Z,0,usage_guest,cpu,cpu-total,cloud7lennart
,,90,2024-06-12T17:18:22Z,2024-06-12T17:19:22.276189513Z,2024-06-12T17:19:20Z,0,usage_guest,cpu,cpu-total,cloud7lennart
,,91,2024-06-12T17:18:22Z,2024-06-12T17:19:22.276189513Z,2024-06-12T17:18:30Z,0,usage_guest_nice,cpu,cpu-total,cloud7lennart
,,91,2024-06-12T17:18:22Z,2024-06-12T17:19:22.276189513Z,2024-06-12T17:18:40Z,0,usage_guest_nice,cpu,cpu-total,cloud7lennart
,,91,2024-06-12T17:18:22Z,2024-06-12T17:19:22.276189513Z,2024-06-12T17:18:50Z,0,usage_guest_nice,cpu,cpu-total,cloud7lennart
,,91,2024-06-12T17:18:22Z,2024-06-12T17:19:22.276189513Z,2024-06-12T17:19:00Z,0,usage_guest_nice,cpu,cpu-total,cloud7lennart
,,91,2024-06-12T17:18:22Z,2024-06-12T17:19:22.276189513Z,2024-06-12T17:19:10Z,0,usage_guest_nice,cpu,cpu-total,cloud7lennart
,,91,2024-06-12T17:18:22Z,2024-06-12T17:19:22.276189513Z,2024-06-12T17:19:20Z,0,usage_guest_nice,cpu,cpu-total,cloud7lennart
,,92,2024-06-12T17:18:22Z,2024-06-12T17:19:22.276189513Z,2024-06-12T17:18:30Z,98.67599300517719,usage_idle,cpu,cpu-total,cloud7lennart
,,92,2024-06-12T17:18:22Z,2024-06-12T17:19:22.276189513Z,2024-06-12T17:18:40Z,98.70032491872405,usage_idle,cpu,cpu-total,cloud7lennart
,,92,2024-06-12T17:18:22Z,2024-06-12T17:19:22.276189513Z,2024-06-12T17:18:50Z,98.62465616421535,usage_idle,cpu,cpu-total,cloud7lennart
,,92,2024-06-12T17:18:22Z,2024-06-12T17:19:22.276189513Z,2024-06-12T17:19:00Z,67.15674059294868,usage_idle,cpu,cpu-total,cloud7lennart
,,92,2024-06-12T17:18:22Z,2024-06-12T17:19:22.276189513Z,2024-06-12T17:19:10Z,97.95204795188704,usage_idle,cpu,cpu-total,cloud7lennart
,,92,2024-06-12T17:18:22Z,2024-06-12T17:19:22.276189513Z,2024-06-12T17:19:20Z,98.94815927892266,usage_idle,cpu,cpu-total,cloud7lennart
,,93,2024-06-12T17:18:22Z,2024-06-12T17:19:22.276189513Z,2024-06-12T17:18:30Z,0,usage_iowait,cpu,cpu-total,cloud7lennart
,,93,2024-06-12T17:18:22Z,2024-06-12T17:19:22.276189513Z,2024-06-12T17:18:40Z,0,usage_iowait,cpu,cpu-total,cloud7lennart
,,93,2024-06-12T17:18:22Z,2024-06-12T17:19:22.276189513Z,2024-06-12T17:18:50Z,0,usage_iowait,cpu,cpu-total,cloud7lennart
,,93,2024-06-12T17:18:22Z,2024-06-12T17:19:22.276189513Z,2024-06-12T17:19:00Z,1.5200598056315546,usage_iowait,cpu,cpu-total,cloud7lennart
,,93,2024-06-12T17:18:22Z,2024-06-12T17:19:22.276189513Z,2024-06-12T17:19:10Z,0.024975024974979023,usage_iowait,cpu,cpu-total,cloud7lennart
,,93,2024-06-12T17:18:22Z,2024-06-12T17:19:22.276189513Z,2024-06-12T17:19:20Z,0.02504382669673737,usage_iowait,cpu,cpu-total,cloud7lennart
,,94,2024-06-12T17:18:22Z,2024-06-12T17:19:22.276189513Z,2024-06-12T17:18:30Z,0,usage_irq,cpu,cpu-total,cloud7lennart
,,94,2024-06-12T17:18:22Z,2024-06-12T17:19:22.276189513Z,2024-06-12T17:18:40Z,0,usage_irq,cpu,cpu-total,cloud7lennart
,,94,2024-06-12T17:18:22Z,2024-06-12T17:19:22.276189513Z,2024-06-12T17:18:50Z,0,usage_irq,cpu,cpu-total,cloud7lennart
,,94,2024-06-12T17:18:22Z,2024-06-12T17:19:22.276189513Z,2024-06-12T17:19:00Z,0,usage_irq,cpu,cpu-total,cloud7lennart
,,94,2024-06-12T17:18:22Z,2024-06-12T17:19:22.276189513Z,2024-06-12T17:19:10Z,0,usage_irq,cpu,cpu-total,cloud7lennart
,,94,2024-06-12T17:18:22Z,2024-06-12T17:19:22.276189513Z,2024-06-12T17:19:20Z,0,usage_irq,cpu,cpu-total,cloud7lennart
,,95,2024-06-12T17:18:22Z,2024-06-12T17:19:22.276189513Z,2024-06-12T17:18:30Z,0,usage_nice,cpu,cpu-total,cloud7lennart
,,95,2024-06-12T17:18:22Z,2024-06-12T17:19:22.276189513Z,2024-06-12T17:18:40Z,0,usage_nice,cpu,cpu-total,cloud7lennart
,,95,2024-06-12T17:18:22Z,2024-06-12T17:19:22.276189513Z,2024-06-12T17:18:50Z,0,usage_nice,cpu,cpu-total,cloud7lennart
,,95,2024-06-12T17:18:22Z,2024-06-12T17:19:22.276189513Z,2024-06-12T17:19:00Z,0,usage_nice,cpu,cpu-total,cloud7lennart
,,95,2024-06-12T17:18:22Z,2024-06-12T17:19:22.276189513Z,2024-06-12T17:19:10Z,0,usage_nice,cpu,cpu-total,cloud7lennart
,,95,2024-06-12T17:18:22Z,2024-06-12T17:19:22.276189513Z,2024-06-12T17:19:20Z,0,usage_nice,cpu,cpu-total,cloud7lennart
,,96,2024-06-12T17:18:22Z,2024-06-12T17:19:22.276189513Z,2024-06-12T17:18:30Z,0.02498126405248888,usage_softirq,cpu,cpu-total,cloud7lennart
,,96,2024-06-12T17:18:22Z,2024-06-12T17:19:22.276189513Z,2024-06-12T17:18:40Z,0,usage_softirq,cpu,cpu-total,cloud7lennart
,,96,2024-06-12T17:18:22Z,2024-06-12T17:19:22.276189513Z,2024-06-12T17:18:50Z,0.02500625156344238,usage_softirq,cpu,cpu-total,cloud7lennart
,,96,2024-06-12T17:18:22Z,2024-06-12T17:19:22.276189513Z,2024-06-12T17:19:00Z,0.2242711188640296,usage_softirq,cpu,cpu-total,cloud7lennart
,,96,2024-06-12T17:18:22Z,2024-06-12T17:19:22.276189513Z,2024-06-12T17:19:10Z,0.02497502497554689,usage_softirq,cpu,cpu-total,cloud7lennart
,,96,2024-06-12T17:18:22Z,2024-06-12T17:19:22.276189513Z,2024-06-12T17:19:20Z,0.0250438266973068,usage_softirq,cpu,cpu-total,cloud7lennart
,,97,2024-06-12T17:18:22Z,2024-06-12T17:19:22.276189513Z,2024-06-12T17:18:30Z,0.24981264051920873,usage_steal,cpu,cpu-total,cloud7lennart
,,97,2024-06-12T17:18:22Z,2024-06-12T17:19:22.276189513Z,2024-06-12T17:18:40Z,0.324918770307052,usage_steal,cpu,cpu-total,cloud7lennart
,,97,2024-06-12T17:18:22Z,2024-06-12T17:19:22.276189513Z,2024-06-12T17:18:50Z,0.3000750187550542,usage_steal,cpu,cpu-total,cloud7lennart
,,97,2024-06-12T17:18:22Z,2024-06-12T17:19:22.276189513Z,2024-06-12T17:19:00Z,2.043359082979918,usage_steal,cpu,cpu-total,cloud7lennart
,,97,2024-06-12T17:18:22Z,2024-06-12T17:19:22.276189513Z,2024-06-12T17:19:10Z,0.5494505494501064,usage_steal,cpu,cpu-total,cloud7lennart
,,97,2024-06-12T17:18:22Z,2024-06-12T17:19:22.276189513Z,2024-06-12T17:19:20Z,0.20035061357389897,usage_steal,cpu,cpu-total,cloud7lennart
,,98,2024-06-12T17:18:22Z,2024-06-12T17:19:22.276189513Z,2024-06-12T17:18:30Z,0.44966275293571173,usage_system,cpu,cpu-total,cloud7lennart
,,98,2024-06-12T17:18:22Z,2024-06-12T17:19:22.276189513Z,2024-06-12T17:18:40Z,0.39990002499329474,usage_system,cpu,cpu-total,cloud7lennart
,,98,2024-06-12T17:18:22Z,2024-06-12T17:19:22.276189513Z,2024-06-12T17:18:50Z,0.475118779696308,usage_system,cpu,cpu-total,cloud7lennart
,,98,2024-06-12T17:18:22Z,2024-06-12T17:19:22.276189513Z,2024-06-12T17:19:00Z,5.083478694240761,usage_system,cpu,cpu-total,cloud7lennart
,,98,2024-06-12T17:18:22Z,2024-06-12T17:19:22.276189513Z,2024-06-12T17:19:10Z,0.6743256743261372,usage_system,cpu,cpu-total,cloud7lennart
,,98,2024-06-12T17:18:22Z,2024-06-12T17:19:22.276189513Z,2024-06-12T17:19:20Z,0.2754820936658194,usage_system,cpu,cpu-total,cloud7lennart
,,99,2024-06-12T17:18:22Z,2024-06-12T17:19:22.276189513Z,2024-06-12T17:18:30Z,0.5995503372597332,usage_user,cpu,cpu-total,cloud7lennart
,,99,2024-06-12T17:18:22Z,2024-06-12T17:19:22.276189513Z,2024-06-12T17:18:40Z,0.5748562859182003,usage_user,cpu,cpu-total,cloud7lennart
,,99,2024-06-12T17:18:22Z,2024-06-12T17:19:22.276189513Z,2024-06-12T17:18:50Z,0.5751437859546261,usage_user,cpu,cpu-total,cloud7lennart
,,99,2024-06-12T17:18:22Z,2024-06-12T17:19:22.276189513Z,2024-06-12T17:19:00Z,23.97209070519369,usage_user,cpu,cpu-total,cloud7lennart
,,99,2024-06-12T17:18:22Z,2024-06-12T17:19:22.276189513Z,2024-06-12T17:19:10Z,0.7742257742374107,usage_user,cpu,cpu-total,cloud7lennart
,,99,2024-06-12T17:18:22Z,2024-06-12T17:19:22.276189513Z,2024-06-12T17:19:20Z,0.5259203606297764,usage_user,cpu,cpu-total,cloud7lennart
,,100,2024-06-12T17:18:22Z,2024-06-12T17:19:22.276189513Z,2024-06-12T17:18:30Z,0,usage_guest,cpu,cpu-total,cloud8lennart
,,100,2024-06-12T17:18:22Z,2024-06-12T17:19:22.276189513Z,2024-06-12T17:18:40Z,0,usage_guest,cpu,cpu-total,cloud8lennart
,,100,2024-06-12T17:18:22Z,2024-06-12T17:19:22.276189513Z,2024-06-12T17:18:50Z,0,usage_guest,cpu,cpu-total,cloud8lennart
,,100,2024-06-12T17:18:22Z,2024-06-12T17:19:22.276189513Z,2024-06-12T17:19:00Z,0,usage_guest,cpu,cpu-total,cloud8lennart
,,100,2024-06-12T17:18:22Z,2024-06-12T17:19:22.276189513Z,2024-06-12T17:19:10Z,0,usage_guest,cpu,cpu-total,cloud8lennart
,,100,2024-06-12T17:18:22Z,2024-06-12T17:19:22.276189513Z,2024-06-12T17:19:20Z,0,usage_guest,cpu,cpu-total,cloud8lennart
,,101,2024-06-12T17:18:22Z,2024-06-12T17:19:22.276189513Z,2024-06-12T17:18:30Z,0,usage_guest_nice,cpu,cpu-total,cloud8lennart
,,101,2024-06-12T17:18:22Z,2024-06-12T17:19:22.276189513Z,2024-06-12T17:18:40Z,0,usage_guest_nice,cpu,cpu-total,cloud8lennart
,,101,2024-06-12T17:18:22Z,2024-06-12T17:19:22.276189513Z,2024-06-12T17:18:50Z,0,usage_guest_nice,cpu,cpu-total,cloud8lennart
,,101,2024-06-12T17:18:22Z,2024-06-12T17:19:22.276189513Z,2024-06-12T17:19:00Z,0,usage_guest_nice,cpu,cpu-total,cloud8lennart
,,101,2024-06-12T17:18:22Z,2024-06-12T17:19:22.276189513Z,2024-06-12T17:19:10Z,0,usage_guest_nice,cpu,cpu-total,cloud8lennart
,,101,2024-06-12T17:18:22Z,2024-06-12T17:19:22.276189513Z,2024-06-12T17:19:20Z,0,usage_guest_nice,cpu,cpu-total,cloud8lennart
,,102,2024-06-12T17:18:22Z,2024-06-12T17:19:22.276189513Z,2024-06-12T17:18:30Z,98.87443721843735,usage_idle,cpu,cpu-total,cloud8lennart
,,102,2024-06-12T17:18:22Z,2024-06-12T17:19:22.276189513Z,2024-06-12T17:18:40Z,98.87302779876241,usage_idle,cpu,cpu-total,cloud8lennart
,,102,2024-06-12T17:18:22Z,2024-06-12T17:19:22.276189513Z,2024-06-12T17:18:50Z,98.87246304167334,usage_idle,cpu,cpu-total,cloud8lennart
,,102,2024-06-12T17:18:22Z,2024-06-12T17:19:22.276189513Z,2024-06-12T17:19:00Z,69.19810142396867,usage_idle,cpu,cpu-total,cloud8lennart
,,102,2024-06-12T17:18:22Z,2024-06-12T17:19:22.276189513Z,2024-06-12T17:19:10Z,97.94692038069623,usage_idle,cpu,cpu-total,cloud8lennart
,,102,2024-06-12T17:18:22Z,2024-06-12T17:19:22.276189513Z,2024-06-12T17:19:20Z,98.89834752113202,usage_idle,cpu,cpu-total,cloud8lennart
,,103,2024-06-12T17:18:22Z,2024-06-12T17:19:22.276189513Z,2024-06-12T17:18:30Z,0,usage_iowait,cpu,cpu-total,cloud8lennart
,,103,2024-06-12T17:18:22Z,2024-06-12T17:19:22.276189513Z,2024-06-12T17:18:40Z,0,usage_iowait,cpu,cpu-total,cloud8lennart
,,103,2024-06-12T17:18:22Z,2024-06-12T17:19:22.276189513Z,2024-06-12T17:18:50Z,0,usage_iowait,cpu,cpu-total,cloud8lennart
,,103,2024-06-12T17:18:22Z,2024-06-12T17:19:22.276189513Z,2024-06-12T17:19:00Z,1.4738945790690379,usage_iowait,cpu,cpu-total,cloud8lennart
,,103,2024-06-12T17:18:22Z,2024-06-12T17:19:22.276189513Z,2024-06-12T17:19:10Z,0.05007511266902802,usage_iowait,cpu,cpu-total,cloud8lennart
,,103,2024-06-12T17:18:22Z,2024-06-12T17:19:22.276189513Z,2024-06-12T17:19:20Z,0.025037556334441033,usage_iowait,cpu,cpu-total,cloud8lennart
,,104,2024-06-12T17:18:22Z,2024-06-12T17:19:22.276189513Z,2024-06-12T17:18:30Z,0,usage_irq,cpu,cpu-total,cloud8lennart
,,104,2024-06-12T17:18:22Z,2024-06-12T17:19:22.276189513Z,2024-06-12T17:18:40Z,0,usage_irq,cpu,cpu-total,cloud8lennart
,,104,2024-06-12T17:18:22Z,2024-06-12T17:19:22.276189513Z,2024-06-12T17:18:50Z,0,usage_irq,cpu,cpu-total,cloud8lennart
,,104,2024-06-12T17:18:22Z,2024-06-12T17:19:22.276189513Z,2024-06-12T17:19:00Z,0,usage_irq,cpu,cpu-total,cloud8lennart
,,104,2024-06-12T17:18:22Z,2024-06-12T17:19:22.276189513Z,2024-06-12T17:19:10Z,0,usage_irq,cpu,cpu-total,cloud8lennart
,,104,2024-06-12T17:18:22Z,2024-06-12T17:19:22.276189513Z,2024-06-12T17:19:20Z,0,usage_irq,cpu,cpu-total,cloud8lennart
,,105,2024-06-12T17:18:22Z,2024-06-12T17:19:22.276189513Z,2024-06-12T17:18:30Z,0,usage_nice,cpu,cpu-total,cloud8lennart
,,105,2024-06-12T17:18:22Z,2024-06-12T17:19:22.276189513Z,2024-06-12T17:18:40Z,0,usage_nice,cpu,cpu-total,cloud8lennart
,,105,2024-06-12T17:18:22Z,2024-06-12T17:19:22.276189513Z,2024-06-12T17:18:50Z,0,usage_nice,cpu,cpu-total,cloud8lennart
,,105,2024-06-12T17:18:22Z,2024-06-12T17:19:22.276189513Z,2024-06-12T17:19:00Z,0,usage_nice,cpu,cpu-total,cloud8lennart
,,105,2024-06-12T17:18:22Z,2024-06-12T17:19:22.276189513Z,2024-06-12T17:19:10Z,0,usage_nice,cpu,cpu-total,cloud8lennart
,,105,2024-06-12T17:18:22Z,2024-06-12T17:19:22.276189513Z,2024-06-12T17:19:20Z,0,usage_nice,cpu,cpu-total,cloud8lennart
,,106,2024-06-12T17:18:22Z,2024-06-12T17:19:22.276189513Z,2024-06-12T17:18:30Z,0.02501250625133648,usage_softirq,cpu,cpu-total,cloud8lennart
,,106,2024-06-12T17:18:22Z,2024-06-12T17:19:22.276189513Z,2024-06-12T17:18:40Z,0.0250438266973068,usage_softirq,cpu,cpu-total,cloud8lennart
,,106,2024-06-12T17:18:22Z,2024-06-12T17:19:22.276189513Z,2024-06-12T17:18:50Z,0,usage_softirq,cpu,cpu-total,cloud8lennart
,,106,2024-06-12T17:18:22Z,2024-06-12T17:19:22.276189513Z,2024-06-12T17:19:00Z,0.22483137646850973,usage_softirq,cpu,cpu-total,cloud8lennart
,,106,2024-06-12T17:18:22Z,2024-06-12T17:19:22.276189513Z,2024-06-12T17:19:10Z,0.0500751126701666,usage_softirq,cpu,cpu-total,cloud8lennart
,,106,2024-06-12T17:18:22Z,2024-06-12T17:19:22.276189513Z,2024-06-12T17:19:20Z,0,usage_softirq,cpu,cpu-total,cloud8lennart
,,107,2024-06-12T17:18:22Z,2024-06-12T17:19:22.276189513Z,2024-06-12T17:18:30Z,0.1250625312652132,usage_steal,cpu,cpu-total,cloud8lennart
,,107,2024-06-12T17:18:22Z,2024-06-12T17:19:22.276189513Z,2024-06-12T17:18:40Z,0.15026296018099364,usage_steal,cpu,cpu-total,cloud8lennart
,,107,2024-06-12T17:18:22Z,2024-06-12T17:19:22.276189513Z,2024-06-12T17:18:50Z,0.17539463793454016,usage_steal,cpu,cpu-total,cloud8lennart
,,107,2024-06-12T17:18:22Z,2024-06-12T17:19:22.276189513Z,2024-06-12T17:19:00Z,1.573819635276728,usage_steal,cpu,cpu-total,cloud8lennart
,,107,2024-06-12T17:18:22Z,2024-06-12T17:19:22.276189513Z,2024-06-12T17:19:10Z,0.2754131196802234,usage_steal,cpu,cpu-total,cloud8lennart
,,107,2024-06-12T17:18:22Z,2024-06-12T17:19:22.276189513Z,2024-06-12T17:19:20Z,0.10015022533776413,usage_steal,cpu,cpu-total,cloud8lennart
,,108,2024-06-12T17:18:22Z,2024-06-12T17:19:22.276189513Z,2024-06-12T17:18:30Z,0.5002501250608528,usage_system,cpu,cpu-total,cloud8lennart
,,108,2024-06-12T17:18:22Z,2024-06-12T17:19:22.276189513Z,2024-06-12T17:18:40Z,0.4257450538451047,usage_system,cpu,cpu-total,cloud8lennart
,,108,2024-06-12T17:18:22Z,2024-06-12T17:19:22.276189513Z,2024-06-12T17:18:50Z,0.35078927587021974,usage_system,cpu,cpu-total,cloud8lennart
,,108,2024-06-12T17:18:22Z,2024-06-12T17:19:22.276189513Z,2024-06-12T17:19:00Z,4.721458905831888,usage_system,cpu,cpu-total,cloud8lennart
,,108,2024-06-12T17:18:22Z,2024-06-12T17:19:22.276189513Z,2024-06-12T17:19:10Z,0.7511266900342818,usage_system,cpu,cpu-total,cloud8lennart
,,108,2024-06-12T17:18:22Z,2024-06-12T17:19:22.276189513Z,2024-06-12T17:19:20Z,0.37556334501832334,usage_system,cpu,cpu-total,cloud8lennart
,,109,2024-06-12T17:18:22Z,2024-06-12T17:19:22.276189513Z,2024-06-12T17:18:30Z,0.47523761881406595,usage_user,cpu,cpu-total,cloud8lennart
,,109,2024-06-12T17:18:22Z,2024-06-12T17:19:22.276189513Z,2024-06-12T17:18:40Z,0.5259203606297764,usage_user,cpu,cpu-total,cloud8lennart
,,109,2024-06-12T17:18:22Z,2024-06-12T17:19:22.276189513Z,2024-06-12T17:18:50Z,0.6013530443424371,usage_user,cpu,cpu-total,cloud8lennart
,,109,2024-06-12T17:18:22Z,2024-06-12T17:19:22.276189513Z,2024-06-12T17:19:00Z,22.807894079502464,usage_user,cpu,cpu-total,cloud8lennart
,,109,2024-06-12T17:18:22Z,2024-06-12T17:19:22.276189513Z,2024-06-12T17:19:10Z,0.9263895843662019,usage_user,cpu,cpu-total,cloud8lennart
,,109,2024-06-12T17:18:22Z,2024-06-12T17:19:22.276189513Z,2024-06-12T17:19:20Z,0.6009013520402476,usage_user,cpu,cpu-total,cloud8lennart
,,110,2024-06-12T17:18:22Z,2024-06-12T17:19:22.276189513Z,2024-06-12T17:18:30Z,0,usage_guest,cpu,cpu-total,cloud9lennart
,,110,2024-06-12T17:18:22Z,2024-06-12T17:19:22.276189513Z,2024-06-12T17:18:40Z,0,usage_guest,cpu,cpu-total,cloud9lennart
,,110,2024-06-12T17:18:22Z,2024-06-12T17:19:22.276189513Z,2024-06-12T17:18:50Z,0,usage_guest,cpu,cpu-total,cloud9lennart
,,110,2024-06-12T17:18:22Z,2024-06-12T17:19:22.276189513Z,2024-06-12T17:19:00Z,0,usage_guest,cpu,cpu-total,cloud9lennart
,,110,2024-06-12T17:18:22Z,2024-06-12T17:19:22.276189513Z,2024-06-12T17:19:10Z,0,usage_guest,cpu,cpu-total,cloud9lennart
,,111,2024-06-12T17:18:22Z,2024-06-12T17:19:22.276189513Z,2024-06-12T17:18:30Z,0,usage_guest_nice,cpu,cpu-total,cloud9lennart
,,111,2024-06-12T17:18:22Z,2024-06-12T17:19:22.276189513Z,2024-06-12T17:18:40Z,0,usage_guest_nice,cpu,cpu-total,cloud9lennart
,,111,2024-06-12T17:18:22Z,2024-06-12T17:19:22.276189513Z,2024-06-12T17:18:50Z,0,usage_guest_nice,cpu,cpu-total,cloud9lennart
,,111,2024-06-12T17:18:22Z,2024-06-12T17:19:22.276189513Z,2024-06-12T17:19:00Z,0,usage_guest_nice,cpu,cpu-total,cloud9lennart
,,111,2024-06-12T17:18:22Z,2024-06-12T17:19:22.276189513Z,2024-06-12T17:19:10Z,0,usage_guest_nice,cpu,cpu-total,cloud9lennart
,,112,2024-06-12T17:18:22Z,2024-06-12T17:19:22.276189513Z,2024-06-12T17:18:30Z,98.59789684541751,usage_idle,cpu,cpu-total,cloud9lennart
,,112,2024-06-12T17:18:22Z,2024-06-12T17:19:22.276189513Z,2024-06-12T17:18:40Z,98.79789631831412,usage_idle,cpu,cpu-total,cloud9lennart
,,112,2024-06-12T17:18:22Z,2024-06-12T17:19:22.276189513Z,2024-06-12T17:18:50Z,98.34627912795776,usage_idle,cpu,cpu-total,cloud9lennart
,,112,2024-06-12T17:18:22Z,2024-06-12T17:19:22.276189513Z,2024-06-12T17:19:00Z,67.5976272862133,usage_idle,cpu,cpu-total,cloud9lennart
,,112,2024-06-12T17:18:22Z,2024-06-12T17:19:22.276189513Z,2024-06-12T17:19:10Z,97.00000000011642,usage_idle,cpu,cpu-total,cloud9lennart
,,113,2024-06-12T17:18:22Z,2024-06-12T17:19:22.276189513Z,2024-06-12T17:18:30Z,0,usage_iowait,cpu,cpu-total,cloud9lennart
,,113,2024-06-12T17:18:22Z,2024-06-12T17:19:22.276189513Z,2024-06-12T17:18:40Z,0,usage_iowait,cpu,cpu-total,cloud9lennart
,,113,2024-06-12T17:18:22Z,2024-06-12T17:19:22.276189513Z,2024-06-12T17:18:50Z,0,usage_iowait,cpu,cpu-total,cloud9lennart
,,113,2024-06-12T17:18:22Z,2024-06-12T17:19:22.276189513Z,2024-06-12T17:19:00Z,1.2357884330214048,usage_iowait,cpu,cpu-total,cloud9lennart
,,113,2024-06-12T17:18:22Z,2024-06-12T17:19:22.276189513Z,2024-06-12T17:19:10Z,0.049999999999954525,usage_iowait,cpu,cpu-total,cloud9lennart
,,114,2024-06-12T17:18:22Z,2024-06-12T17:19:22.276189513Z,2024-06-12T17:18:30Z,0,usage_irq,cpu,cpu-total,cloud9lennart
,,114,2024-06-12T17:18:22Z,2024-06-12T17:19:22.276189513Z,2024-06-12T17:18:40Z,0,usage_irq,cpu,cpu-total,cloud9lennart
,,114,2024-06-12T17:18:22Z,2024-06-12T17:19:22.276189513Z,2024-06-12T17:18:50Z,0,usage_irq,cpu,cpu-total,cloud9lennart
,,114,2024-06-12T17:18:22Z,2024-06-12T17:19:22.276189513Z,2024-06-12T17:19:00Z,0,usage_irq,cpu,cpu-total,cloud9lennart
,,114,2024-06-12T17:18:22Z,2024-06-12T17:19:22.276189513Z,2024-06-12T17:19:10Z,0,usage_irq,cpu,cpu-total,cloud9lennart
,,115,2024-06-12T17:18:22Z,2024-06-12T17:19:22.276189513Z,2024-06-12T17:18:30Z,0,usage_nice,cpu,cpu-total,cloud9lennart
,,115,2024-06-12T17:18:22Z,2024-06-12T17:19:22.276189513Z,2024-06-12T17:18:40Z,0,usage_nice,cpu,cpu-total,cloud9lennart
,,115,2024-06-12T17:18:22Z,2024-06-12T17:19:22.276189513Z,2024-06-12T17:18:50Z,0,usage_nice,cpu,cpu-total,cloud9lennart
,,115,2024-06-12T17:18:22Z,2024-06-12T17:19:22.276189513Z,2024-06-12T17:19:00Z,0,usage_nice,cpu,cpu-total,cloud9lennart
,,115,2024-06-12T17:18:22Z,2024-06-12T17:19:22.276189513Z,2024-06-12T17:19:10Z,0,usage_nice,cpu,cpu-total,cloud9lennart
,,116,2024-06-12T17:18:22Z,2024-06-12T17:19:22.276189513Z,2024-06-12T17:18:30Z,0.0250375563350833,usage_softirq,cpu,cpu-total,cloud9lennart
,,116,2024-06-12T17:18:22Z,2024-06-12T17:19:22.276189513Z,2024-06-12T17:18:40Z,0,usage_softirq,cpu,cpu-total,cloud9lennart
,,116,2024-06-12T17:18:22Z,2024-06-12T17:19:22.276189513Z,2024-06-12T17:18:50Z,0.05011275369686851,usage_softirq,cpu,cpu-total,cloud9lennart
,,116,2024-06-12T17:18:22Z,2024-06-12T17:19:22.276189513Z,2024-06-12T17:19:00Z,0.22244191794421253,usage_softirq,cpu,cpu-total,cloud9lennart
,,116,2024-06-12T17:18:22Z,2024-06-12T17:19:22.276189513Z,2024-06-12T17:19:10Z,0.025000000000545697,usage_softirq,cpu,cpu-total,cloud9lennart
,,117,2024-06-12T17:18:22Z,2024-06-12T17:19:22.276189513Z,2024-06-12T17:18:30Z,0.32548823234925145,usage_steal,cpu,cpu-total,cloud9lennart
,,117,2024-06-12T17:18:22Z,2024-06-12T17:19:22.276189513Z,2024-06-12T17:18:40Z,0.15026296018112498,usage_steal,cpu,cpu-total,cloud9lennart
,,117,2024-06-12T17:18:22Z,2024-06-12T17:19:22.276189513Z,2024-06-12T17:18:50Z,0.17539463793448207,usage_steal,cpu,cpu-total,cloud9lennart
,,117,2024-06-12T17:18:22Z,2024-06-12T17:19:22.276189513Z,2024-06-12T17:19:00Z,2.817597627289612,usage_steal,cpu,cpu-total,cloud9lennart
,,117,2024-06-12T17:18:22Z,2024-06-12T17:19:22.276189513Z,2024-06-12T17:19:10Z,0.5999999999994543,usage_steal,cpu,cpu-total,cloud9lennart
,,118,2024-06-12T17:18:22Z,2024-06-12T17:19:22.276189513Z,2024-06-12T17:18:30Z,0.4757135703529198,usage_system,cpu,cpu-total,cloud9lennart
,,118,2024-06-12T17:18:22Z,2024-06-12T17:19:22.276189513Z,2024-06-12T17:18:40Z,0.5008765339355649,usage_system,cpu,cpu-total,cloud9lennart
,,118,2024-06-12T17:18:22Z,2024-06-12T17:19:22.276189513Z,2024-06-12T17:18:50Z,0.5762966675003147,usage_system,cpu,cpu-total,cloud9lennart
,,118,2024-06-12T17:18:22Z,2024-06-12T17:19:22.276189513Z,2024-06-12T17:19:00Z,4.844290657446244,usage_system,cpu,cpu-total,cloud9lennart
,,118,2024-06-12T17:18:22Z,2024-06-12T17:19:22.276189513Z,2024-06-12T17:19:10Z,1.1249999999972715,usage_system,cpu,cpu-total,cloud9lennart
,,119,2024-06-12T17:18:22Z,2024-06-12T17:19:22.276189513Z,2024-06-12T17:18:30Z,0.5758637956841444,usage_user,cpu,cpu-total,cloud9lennart
,,119,2024-06-12T17:18:22Z,2024-06-12T17:19:22.276189513Z,2024-06-12T17:18:40Z,0.5509641873300324,usage_user,cpu,cpu-total,cloud9lennart
,,119,2024-06-12T17:18:22Z,2024-06-12T17:19:22.276189513Z,2024-06-12T17:18:50Z,0.8519168128194183,usage_user,cpu,cpu-total,cloud9lennart
,,119,2024-06-12T17:18:22Z,2024-06-12T17:19:22.276189513Z,2024-06-12T17:19:00Z,23.28225407811895,usage_user,cpu,cpu-total,cloud9lennart
,,119,2024-06-12T17:18:22Z,2024-06-12T17:19:22.276189513Z,2024-06-12T17:19:10Z,1.1999999999898137,usage_user,cpu,cpu-total,cloud9lennart

